1754759596289,622,LOGIN,201,Created,Grupo de Hilos 1-1,text,true,1045,4,4,622
1754759596936,411,LOGIN,201,Created,Grupo de Hilos 1-1,text,true,1047,6,6,411
1754759596480,1116,LOGIN,201,Created,Grupo de Hilos 1-2,text,true,1047,7,7,1116
1754759596683,1057,LOGIN,201,Created,Grupo de Hilos 1-3,text,true,1044,8,8,1057
1754759597348,415,LOGIN,201,Created,Grupo de Hilos 1-1,text,true,1042,8,8,415
1754759597308,594,LOGIN,201,Created,Grupo de Hilos 1-6,text,true,1049,9,9,594
1754759596886,1047,LOGIN,201,Created,Grupo de Hilos 1-4,text,true,1046,9,9,1047
1754759597605,420,LOGIN,201,Created,Grupo de Hilos 1-2,text,true,1044,9,9,420
1754759597493,574,LOGIN,201,Created,Grupo de Hilos 1-7,text,true,1050,9,9,574
1754759597089,1050,LOGIN,201,Created,Grupo de Hilos 1-5,text,true,1039,10,10,1050
1754759597740,414,LOGIN,201,Created,Grupo de Hilos 1-3,text,true,1051,10,10,414
1754759597763,417,LOGIN,201,Created,Grupo de Hilos 1-1,text,true,1044,10,10,417
1754759597692,598,LOGIN,201,Created,Grupo de Hilos 1-8,text,true,1043,10,10,598
1754759597902,408,LOGIN,201,Created,Grupo de Hilos 1-6,text,true,1049,10,10,408
1754759597934,407,LOGIN,201,Created,Grupo de Hilos 1-4,text,true,1047,10,10,407
1754759598026,425,LOGIN,201,Created,Grupo de Hilos 1-2,text,true,1051,10,10,425
1754759598068,398,LOGIN,201,Created,Grupo de Hilos 1-7,text,true,1047,10,10,398
1754759597891,596,LOGIN,201,Created,Grupo de Hilos 1-9,text,true,1040,10,10,596
1754759598165,413,LOGIN,201,Created,Grupo de Hilos 1-3,text,true,1047,10,10,413
1754759598165,414,LOGIN,201,Created,Grupo de Hilos 1-5,text,true,1052,10,10,414
1754759598180,411,LOGIN,201,Created,Grupo de Hilos 1-1,text,true,1048,10,10,411
1754759598091,601,LOGIN,201,Created,Grupo de Hilos 1-10,text,true,1040,10,10,601
1754759598291,413,LOGIN,201,Created,Grupo de Hilos 1-8,text,true,1043,10,10,413
1754759598311,407,LOGIN,201,Created,Grupo de Hilos 1-6,text,true,1046,10,10,407
1754759598342,403,LOGIN,201,Created,Grupo de Hilos 1-4,text,true,1048,10,10,403
1754759598467,406,LOGIN,201,Created,Grupo de Hilos 1-7,text,true,1053,10,10,406
1754759598452,423,LOGIN,201,Created,Grupo de Hilos 1-2,text,true,1049,10,10,423
1754759598487,413,LOGIN,201,Created,Grupo de Hilos 1-9,text,true,1045,10,10,413
1754759598579,409,LOGIN,201,Created,Grupo de Hilos 1-3,text,true,1054,10,10,409
1754759598580,416,LOGIN,201,Created,Grupo de Hilos 1-5,text,true,1052,10,10,416
1754759598593,412,LOGIN,201,Created,Grupo de Hilos 1-1,text,true,1052,10,10,412
1754759598718,403,LOGIN,201,Created,Grupo de Hilos 1-10,text,true,1041,10,10,403
1754759598718,410,LOGIN,201,Created,Grupo de Hilos 1-8,text,true,1051,10,10,410
1754759598720,411,LOGIN,201,Created,Grupo de Hilos 1-6,text,true,1042,10,10,411
1754759598746,406,LOGIN,201,Created,Grupo de Hilos 1-4,text,true,1060,10,10,406
1754759598874,412,LOGIN,201,Created,Grupo de Hilos 1-7,text,true,1049,10,10,411
1754759598876,418,LOGIN,201,Created,Grupo de Hilos 1-2,text,true,1050,10,10,418
1754759598901,410,LOGIN,201,Created,Grupo de Hilos 1-9,text,true,1046,10,10,410
1754759598997,408,LOGIN,201,Created,Grupo de Hilos 1-5,text,true,1050,10,10,408
1754759598989,420,LOGIN,201,Created,Grupo de Hilos 1-3,text,true,1048,10,10,420
1754759599006,414,LOGIN,201,Created,Grupo de Hilos 1-1,text,true,1044,10,10,414
1754759599122,402,LOGIN,201,Created,Grupo de Hilos 1-10,text,true,1053,10,10,401
1754759599128,414,LOGIN,201,Created,Grupo de Hilos 1-8,text,true,1050,10,10,414
1754759599132,420,LOGIN,201,Created,Grupo de Hilos 1-6,text,true,1043,10,10,420
1754759599152,411,LOGIN,201,Created,Grupo de Hilos 1-4,text,true,1051,10,10,411
1754759599311,409,LOGIN,201,Created,Grupo de Hilos 1-7,text,true,1049,10,10,409
1754759599312,414,LOGIN,201,Created,Grupo de Hilos 1-9,text,true,1042,10,10,414
1754759599311,426,LOGIN,201,Created,Grupo de Hilos 1-2,text,true,1055,10,10,425
1754759599405,412,LOGIN,201,Created,Grupo de Hilos 1-5,text,true,1043,10,10,412
1754759599410,412,LOGIN,201,Created,Grupo de Hilos 1-3,text,true,1049,10,10,412
1754759599420,414,LOGIN,201,Created,Grupo de Hilos 1-1,text,true,1057,10,10,414
1754759599524,423,LOGIN,201,Created,Grupo de Hilos 1-10,text,true,1055,10,10,423
1754759599553,404,LOGIN,201,Created,Grupo de Hilos 1-6,text,true,1053,10,10,403
1754759599542,416,LOGIN,201,Created,Grupo de Hilos 1-8,text,true,1048,10,10,416
1754759599563,407,LOGIN,201,Created,Grupo de Hilos 1-4,text,true,1049,10,10,407
1754759599721,403,LOGIN,201,Created,Grupo de Hilos 1-7,text,true,1043,10,10,403
1754759599727,411,LOGIN,201,Created,Grupo de Hilos 1-9,text,true,1054,10,10,411
1754759599737,425,LOGIN,201,Created,Grupo de Hilos 1-2,text,true,1045,10,10,425
1754759599842,408,LOGIN,201,Created,Grupo de Hilos 1-1,text,true,1050,10,10,408
1754759599842,408,LOGIN,201,Created,Grupo de Hilos 1-5,text,true,1044,10,10,408
1754759599842,410,LOGIN,201,Created,Grupo de Hilos 1-3,text,true,1045,10,10,410
1754759599948,403,LOGIN,201,Created,Grupo de Hilos 1-10,text,true,1048,10,10,403
1754759599959,416,LOGIN,201,Created,Grupo de Hilos 1-8,text,true,1045,10,10,416
1754759599957,420,LOGIN,201,Created,Grupo de Hilos 1-6,text,true,1053,10,10,420
1754759599970,414,LOGIN,201,Created,Grupo de Hilos 1-4,text,true,1053,10,10,414
1754759600125,406,LOGIN,201,Created,Grupo de Hilos 1-7,text,true,1048,10,10,406
1754759600139,411,LOGIN,201,Created,Grupo de Hilos 1-9,text,true,1054,10,10,411
1754759600162,426,LOGIN,201,Created,Grupo de Hilos 1-2,text,true,1044,10,10,426
1754759600251,410,LOGIN,201,Created,Grupo de Hilos 1-5,text,true,1052,10,10,410
1754759600254,408,LOGIN,201,Created,Grupo de Hilos 1-3,text,true,1053,10,10,408
1754759600251,421,LOGIN,201,Created,Grupo de Hilos 1-1,text,true,1044,10,10,421
1754759600376,406,LOGIN,201,Created,Grupo de Hilos 1-10,text,true,1051,10,10,406
1754759600378,410,LOGIN,201,Created,Grupo de Hilos 1-6,text,true,1046,10,10,410
1754759600385,404,LOGIN,201,Created,Grupo de Hilos 1-4,text,true,1048,10,10,404
1754759600376,413,LOGIN,201,Created,Grupo de Hilos 1-8,text,true,1047,10,10,413
1754759600531,406,LOGIN,201,Created,Grupo de Hilos 1-7,text,true,1049,10,10,406
1754759600550,413,LOGIN,201,Created,Grupo de Hilos 1-9,text,true,1054,10,10,413
1754759600589,418,LOGIN,201,Created,Grupo de Hilos 1-2,text,true,1044,10,10,418
1754759600661,409,LOGIN,201,Created,Grupo de Hilos 1-5,text,true,1044,10,10,409
1754759600663,413,LOGIN,201,Created,Grupo de Hilos 1-3,text,true,1058,10,10,413
1754759600673,412,LOGIN,201,Created,Grupo de Hilos 1-1,text,true,1057,10,10,412
1754759600783,409,LOGIN,201,Created,Grupo de Hilos 1-10,text,true,1057,10,10,409
1754759600789,408,LOGIN,201,Created,Grupo de Hilos 1-6,text,true,1044,10,10,408
1754759600790,410,LOGIN,201,Created,Grupo de Hilos 1-4,text,true,1042,10,10,410
1754759600790,418,LOGIN,201,Created,Grupo de Hilos 1-8,text,true,1058,10,10,418
1754759600963,400,LOGIN,201,Created,Grupo de Hilos 1-7,text,true,1050,10,10,400
1754759600964,428,LOGIN,201,Created,Grupo de Hilos 1-9,text,true,1063,10,10,428
1754759601008,423,LOGIN,201,Created,Grupo de Hilos 1-2,text,true,1044,10,10,423
1754759601070,406,LOGIN,201,Created,Grupo de Hilos 1-5,text,true,1050,10,10,406
1754759601077,408,LOGIN,201,Created,Grupo de Hilos 1-3,text,true,1054,10,10,408
1754759601086,406,LOGIN,201,Created,Grupo de Hilos 1-1,text,true,1047,10,10,406
1754759601193,408,LOGIN,201,Created,Grupo de Hilos 1-10,text,true,1051,10,10,408
1754759601197,405,LOGIN,201,Created,Grupo de Hilos 1-6,text,true,1048,10,10,405
1754759601208,417,LOGIN,201,Created,Grupo de Hilos 1-8,text,true,1052,10,10,417
1754759601200,427,LOGIN,201,Created,Grupo de Hilos 1-4,text,true,1058,10,10,427
1754759601364,400,LOGIN,201,Created,Grupo de Hilos 1-7,text,true,1051,10,10,400
1754759601392,410,LOGIN,201,Created,Grupo de Hilos 1-9,text,true,1049,10,10,410
1754759601431,422,LOGIN,201,Created,Grupo de Hilos 1-2,text,true,1044,10,10,422
1754759601485,404,LOGIN,201,Created,Grupo de Hilos 1-5,text,true,1046,10,10,404
1754759601486,405,LOGIN,201,Created,Grupo de Hilos 1-3,text,true,1050,10,10,405
1754759601492,415,LOGIN,201,Created,Grupo de Hilos 1-1,text,true,1051,10,10,415
1754759601601,407,LOGIN,201,Created,Grupo de Hilos 1-10,text,true,1051,10,10,407
1754759601602,412,LOGIN,201,Created,Grupo de Hilos 1-6,text,true,1048,10,10,412
1754759601628,407,LOGIN,201,Created,Grupo de Hilos 1-4,text,true,1054,10,10,407
1754759601626,423,LOGIN,201,Created,Grupo de Hilos 1-8,text,true,1046,10,10,423
1754759601765,407,LOGIN,201,Created,Grupo de Hilos 1-7,text,true,1051,10,10,407
1754759601803,412,LOGIN,201,Created,Grupo de Hilos 1-9,text,true,1053,10,10,412
1754759601853,426,LOGIN,201,Created,Grupo de Hilos 1-2,text,true,1042,10,10,425
1754759601889,408,LOGIN,201,Created,Grupo de Hilos 1-5,text,true,1044,10,10,408
1754759601892,413,LOGIN,201,Created,Grupo de Hilos 1-3,text,true,1050,10,10,413
1754759601908,416,LOGIN,201,Created,Grupo de Hilos 1-1,text,true,1055,10,10,416
1754759602034,405,LOGIN,201,Created,Grupo de Hilos 1-10,text,true,1062,10,10,405
1754759602034,413,LOGIN,201,Created,Grupo de Hilos 1-6,text,true,1058,10,10,413
1754759602036,411,LOGIN,201,Created,Grupo de Hilos 1-4,text,true,1048,10,10,411
1754759602050,419,LOGIN,201,Created,Grupo de Hilos 1-8,text,true,1052,10,10,419
1754759602173,404,LOGIN,201,Created,Grupo de Hilos 1-7,text,true,1047,10,10,404
1754759602215,412,LOGIN,201,Created,Grupo de Hilos 1-9,text,true,1061,10,10,412
1754759602279,421,LOGIN,201,Created,Grupo de Hilos 1-2,text,true,1044,10,10,421
1754759602298,406,LOGIN,201,Created,Grupo de Hilos 1-5,text,true,1058,10,10,406
1754759602306,414,LOGIN,201,Created,Grupo de Hilos 1-3,text,true,1048,10,10,414
1754759602325,418,LOGIN,201,Created,Grupo de Hilos 1-1,text,true,1045,10,10,418
1754759602447,406,LOGIN,201,Created,Grupo de Hilos 1-6,text,true,1052,10,10,406
1754759602440,414,LOGIN,201,Created,Grupo de Hilos 1-10,text,true,1053,10,10,414
1754759602447,412,LOGIN,201,Created,Grupo de Hilos 1-4,text,true,1048,10,10,412
1754759602469,416,LOGIN,201,Created,Grupo de Hilos 1-8,text,true,1054,10,10,416
1754759602603,400,LOGIN,201,Created,Grupo de Hilos 1-7,text,true,1050,10,10,400
1754759602627,414,LOGIN,201,Created,Grupo de Hilos 1-9,text,true,1053,10,10,414
1754759602705,410,LOGIN,201,Created,Grupo de Hilos 1-5,text,true,1048,10,10,410
1754759602720,403,LOGIN,201,Created,Grupo de Hilos 1-3,text,true,1048,10,10,403
1754759602702,433,LOGIN,201,Created,Grupo de Hilos 1-2,text,true,1048,10,10,433
1754759602744,419,LOGIN,201,Created,Grupo de Hilos 1-1,text,true,1047,10,10,419
1754759602855,405,LOGIN,201,Created,Grupo de Hilos 1-10,text,true,1062,10,10,405
1754759602855,407,LOGIN,201,Created,Grupo de Hilos 1-6,text,true,1051,10,10,407
1754759602860,409,LOGIN,201,Created,Grupo de Hilos 1-4,text,true,1042,10,10,409
1754759602887,414,LOGIN,201,Created,Grupo de Hilos 1-8,text,true,1050,10,10,414
1754759603004,414,LOGIN,201,Created,Grupo de Hilos 1-7,text,true,1053,10,10,414
1754759603042,421,LOGIN,201,Created,Grupo de Hilos 1-9,text,true,1057,10,10,421
1754759603128,405,LOGIN,201,Created,Grupo de Hilos 1-3,text,true,1050,10,10,405
1754759603128,416,LOGIN,201,Created,Grupo de Hilos 1-5,text,true,1052,10,10,416
1754759603136,430,LOGIN,201,Created,Grupo de Hilos 1-2,text,true,1060,10,10,430
1754759603164,410,LOGIN,201,Created,Grupo de Hilos 1-1,text,true,1049,10,10,410
1754759603261,402,LOGIN,201,Created,Grupo de Hilos 1-10,text,true,1047,10,10,402
1754759603278,404,LOGIN,201,Created,Grupo de Hilos 1-6,text,true,1050,10,10,404
1754759603278,411,LOGIN,201,Created,Grupo de Hilos 1-4,text,true,1044,10,10,411
1754759603301,416,LOGIN,201,Created,Grupo de Hilos 1-8,text,true,1062,10,10,416
1754759603419,405,LOGIN,201,Created,Grupo de Hilos 1-7,text,true,1043,10,10,405
1754759603464,412,LOGIN,201,Created,Grupo de Hilos 1-9,text,true,1061,10,10,412
1754759603533,417,LOGIN,201,Created,Grupo de Hilos 1-3,text,true,1048,10,10,417
1754759603545,406,LOGIN,201,Created,Grupo de Hilos 1-5,text,true,1052,10,10,406
1754759603575,414,LOGIN,201,Created,Grupo de Hilos 1-1,text,true,1050,10,10,414
1754759603567,425,LOGIN,201,Created,Grupo de Hilos 1-2,text,true,1048,10,10,425
1754759603686,403,LOGIN,201,Created,Grupo de Hilos 1-6,text,true,1046,10,10,403
1754759603686,410,LOGIN,201,Created,Grupo de Hilos 1-10,text,true,1052,10,10,410
1754759603689,407,LOGIN,201,Created,Grupo de Hilos 1-4,text,true,1048,10,10,407
1754759603718,419,LOGIN,201,Created,Grupo de Hilos 1-8,text,true,1048,10,10,419
1754759603825,406,LOGIN,201,Created,Grupo de Hilos 1-7,text,true,1041,10,10,406
1754759603877,410,LOGIN,201,Created,Grupo de Hilos 1-9,text,true,1055,10,10,410
1754759603952,405,LOGIN,201,Created,Grupo de Hilos 1-5,text,true,1054,10,10,405
1754759603951,412,LOGIN,201,Created,Grupo de Hilos 1-3,text,true,1050,10,10,412
1754759603989,420,LOGIN,201,Created,Grupo de Hilos 1-1,text,true,1051,10,10,420
1754759603993,423,LOGIN,201,Created,Grupo de Hilos 1-2,text,true,1050,10,10,423
1754759604090,412,LOGIN,201,Created,Grupo de Hilos 1-6,text,true,1053,10,10,412
1754759604097,408,LOGIN,201,Created,Grupo de Hilos 1-4,text,true,1048,10,10,408
1754759604097,408,LOGIN,201,Created,Grupo de Hilos 1-10,text,true,1050,10,10,408
1754759604138,417,LOGIN,201,Created,Grupo de Hilos 1-8,text,true,1053,10,10,417
1754759604250,410,LOGIN,201,Created,Grupo de Hilos 1-7,text,true,1047,10,10,410
1754759604288,411,LOGIN,201,Created,Grupo de Hilos 1-9,text,true,1048,10,10,411
1754759604357,416,LOGIN,201,Created,Grupo de Hilos 1-5,text,true,1046,10,10,416
1754759604364,410,LOGIN,201,Created,Grupo de Hilos 1-3,text,true,1046,10,10,410
1754759604409,412,LOGIN,201,Created,Grupo de Hilos 1-1,text,true,1051,10,10,412
1754759604417,422,LOGIN,201,Created,Grupo de Hilos 1-2,text,true,1046,10,10,422
1754759604503,408,LOGIN,201,Created,Grupo de Hilos 1-6,text,true,1049,10,10,408
1754759604505,408,LOGIN,201,Created,Grupo de Hilos 1-10,text,true,1044,10,10,408
1754759604505,417,LOGIN,201,Created,Grupo de Hilos 1-4,text,true,1044,10,10,417
1754759604555,415,LOGIN,201,Created,Grupo de Hilos 1-8,text,true,1053,10,10,415
1754759604661,412,LOGIN,201,Created,Grupo de Hilos 1-7,text,true,1049,10,10,412
1754759604700,415,LOGIN,201,Created,Grupo de Hilos 1-9,text,true,1048,10,10,415
1754759604797,411,LOGIN,201,Created,Grupo de Hilos 1-5,text,true,1046,10,10,411
1754759604797,425,LOGIN,201,Created,Grupo de Hilos 1-3,text,true,1048,10,10,425
1754759604822,416,LOGIN,201,Created,Grupo de Hilos 1-1,text,true,1047,10,10,416
1754759604841,428,LOGIN,201,Created,Grupo de Hilos 1-2,text,true,1044,10,10,428
1754759604912,413,LOGIN,201,Created,Grupo de Hilos 1-6,text,true,1051,10,10,413
1754759604915,410,LOGIN,201,Created,Grupo de Hilos 1-10,text,true,1042,10,10,410
1754759604924,417,LOGIN,201,Created,Grupo de Hilos 1-4,text,true,1058,10,10,417
1754759604972,422,LOGIN,201,Created,Grupo de Hilos 1-8,text,true,1059,10,10,422
1754759605075,401,LOGIN,201,Created,Grupo de Hilos 1-7,text,true,1049,10,10,401
1754759605116,409,LOGIN,201,Created,Grupo de Hilos 1-9,text,true,1058,10,10,409
1754759605209,410,LOGIN,201,Created,Grupo de Hilos 1-5,text,true,1044,10,10,410
1754759605222,407,LOGIN,201,Created,Grupo de Hilos 1-3,text,true,1050,10,10,407
1754759605239,414,LOGIN,201,Created,Grupo de Hilos 1-1,text,true,1051,10,10,414
1754759605285,424,LOGIN,201,Created,Grupo de Hilos 1-2,text,true,1049,10,10,424
1754759605325,404,LOGIN,201,Created,Grupo de Hilos 1-10,text,true,1055,10,10,404
1754759605325,407,LOGIN,201,Created,Grupo de Hilos 1-6,text,true,1046,10,10,406
1754759605342,410,LOGIN,201,Created,Grupo de Hilos 1-4,text,true,1050,10,10,410
1754759605394,418,LOGIN,201,Created,Grupo de Hilos 1-8,text,true,1047,10,10,418
1754759605477,403,LOGIN,201,Created,Grupo de Hilos 1-7,text,true,1045,10,10,403
1754759605526,411,LOGIN,201,Created,Grupo de Hilos 1-9,text,true,1050,10,10,411
1754759605620,411,LOGIN,201,Created,Grupo de Hilos 1-5,text,true,1044,10,10,411
1754759605630,407,LOGIN,201,Created,Grupo de Hilos 1-3,text,true,1042,10,10,407
1754759605654,413,LOGIN,201,Created,Grupo de Hilos 1-1,text,true,1055,10,10,413
1754759605710,417,LOGIN,201,Created,Grupo de Hilos 1-2,text,true,1055,10,10,416
1754759605730,404,LOGIN,201,Created,Grupo de Hilos 1-10,text,true,1051,10,10,404
1754759605732,413,LOGIN,201,Created,Grupo de Hilos 1-6,text,true,1046,10,10,413
1754759605752,423,LOGIN,201,Created,Grupo de Hilos 1-4,text,true,1050,10,10,423
1754759605836,419,LOGIN,201,Created,Grupo de Hilos 1-8,text,true,1052,10,10,419
1754759605881,401,LOGIN,201,Created,Grupo de Hilos 1-7,text,true,1051,10,10,401
1754759605937,415,LOGIN,201,Created,Grupo de Hilos 1-9,text,true,1054,10,10,415
1754759606032,408,LOGIN,201,Created,Grupo de Hilos 1-5,text,true,1054,10,10,408
1754759606038,407,LOGIN,201,Created,Grupo de Hilos 1-3,text,true,1044,10,10,407
1754759606068,418,LOGIN,201,Created,Grupo de Hilos 1-1,text,true,1058,10,10,418
1754759606135,403,LOGIN,201,Created,Grupo de Hilos 1-10,text,true,1051,10,10,403
1754759606146,415,LOGIN,201,Created,Grupo de Hilos 1-6,text,true,1052,10,10,415
1754759606128,434,LOGIN,201,Created,Grupo de Hilos 1-2,text,true,1045,10,10,434
1754759606176,409,LOGIN,201,Created,Grupo de Hilos 1-4,text,true,1050,10,10,409
1754759606255,412,LOGIN,201,Created,Grupo de Hilos 1-8,text,true,1056,10,10,412
1754759606282,402,LOGIN,201,Created,Grupo de Hilos 1-7,text,true,1057,10,10,402
1754759606361,409,LOGIN,201,Created,Grupo de Hilos 1-9,text,true,1063,10,10,409
1754759606441,404,LOGIN,201,Created,Grupo de Hilos 1-5,text,true,1048,10,10,404
1754759606445,421,LOGIN,201,Created,Grupo de Hilos 1-3,text,true,1051,10,10,421
1754759606487,415,LOGIN,201,Created,Grupo de Hilos 1-1,text,true,1052,10,10,415
1754759606539,406,LOGIN,201,Created,Grupo de Hilos 1-10,text,true,1051,10,10,406
1754759606561,404,LOGIN,201,Created,Grupo de Hilos 1-6,text,true,1057,10,10,404
1754759606562,414,LOGIN,201,Created,Grupo de Hilos 1-2,text,true,1047,10,10,414
1754759606586,410,LOGIN,201,Created,Grupo de Hilos 1-4,text,true,1042,10,10,410
1754759606667,418,LOGIN,201,Created,Grupo de Hilos 1-8,text,true,1054,10,10,418
1754759606685,403,LOGIN,201,Created,Grupo de Hilos 1-7,text,true,1049,10,10,403
1754759606770,409,LOGIN,201,Created,Grupo de Hilos 1-9,text,true,1055,10,10,409
1754759606853,406,LOGIN,201,Created,Grupo de Hilos 1-5,text,true,1053,10,10,406
1754759606866,409,LOGIN,201,Created,Grupo de Hilos 1-3,text,true,1049,10,10,409
1754759606903,410,LOGIN,201,Created,Grupo de Hilos 1-1,text,true,1048,10,10,410
1754759606946,408,LOGIN,201,Created,Grupo de Hilos 1-10,text,true,1055,10,10,408
1754759606966,407,LOGIN,201,Created,Grupo de Hilos 1-6,text,true,1055,10,10,407
1754759606977,420,LOGIN,201,Created,Grupo de Hilos 1-2,text,true,1055,10,10,420
1754759606996,409,LOGIN,201,Created,Grupo de Hilos 1-4,text,true,1048,10,10,409
1754759607089,405,LOGIN,201,Created,Grupo de Hilos 1-7,text,true,1043,10,10,405
1754759607086,409,LOGIN,201,Created,Grupo de Hilos 1-8,text,true,1054,10,10,409
1754759607179,416,LOGIN,201,Created,Grupo de Hilos 1-9,text,true,1055,10,10,416
1754759607260,408,LOGIN,201,Created,Grupo de Hilos 1-5,text,true,1053,10,10,408
1754759607276,409,LOGIN,201,Created,Grupo de Hilos 1-3,text,true,1049,10,10,409
1754759607314,411,LOGIN,201,Created,Grupo de Hilos 1-1,text,true,1054,10,10,411
1754759607379,404,LOGIN,201,Created,Grupo de Hilos 1-10,text,true,1055,10,10,404
1754759607379,405,LOGIN,201,Created,Grupo de Hilos 1-6,text,true,1054,10,10,405
1754759607405,405,LOGIN,201,Created,Grupo de Hilos 1-4,text,true,1042,10,10,405
1754759607397,446,LOGIN,201,Created,Grupo de Hilos 1-2,text,true,1051,10,10,446
1754759607494,400,LOGIN,201,Created,Grupo de Hilos 1-7,text,true,1057,10,10,400
1754759607496,411,LOGIN,201,Created,Grupo de Hilos 1-8,text,true,1052,10,10,411
1754759607596,416,LOGIN,201,Created,Grupo de Hilos 1-9,text,true,1049,10,10,416
1754759607669,413,LOGIN,201,Created,Grupo de Hilos 1-5,text,true,1047,10,10,413
1754759607686,413,LOGIN,201,Created,Grupo de Hilos 1-3,text,true,1047,10,10,413
1754759607725,410,LOGIN,201,Created,Grupo de Hilos 1-1,text,true,1054,10,10,410
1754759607785,409,LOGIN,201,Created,Grupo de Hilos 1-6,text,true,1054,10,10,409
1754759607784,418,LOGIN,201,Created,Grupo de Hilos 1-10,text,true,1047,10,10,418
1754759607811,406,LOGIN,201,Created,Grupo de Hilos 1-4,text,true,1046,10,10,406
1754759607895,405,LOGIN,201,Created,Grupo de Hilos 1-7,text,true,1049,10,10,405
1754759607908,413,LOGIN,201,Created,Grupo de Hilos 1-8,text,true,1050,10,10,413
1754759607868,462,LOGIN,201,Created,Grupo de Hilos 1-2,text,true,1047,10,10,462
1754759608013,410,LOGIN,201,Created,Grupo de Hilos 1-9,text,true,1056,10,10,410
1754759608083,412,LOGIN,201,Created,Grupo de Hilos 1-5,text,true,1051,10,10,412
1754759608100,405,LOGIN,201,Created,Grupo de Hilos 1-3,text,true,1043,10,10,405
1754759608136,408,LOGIN,201,Created,Grupo de Hilos 1-1,text,true,1056,10,10,408
1754759608195,412,LOGIN,201,Created,Grupo de Hilos 1-6,text,true,1060,10,10,412
1754759608203,413,LOGIN,201,Created,Grupo de Hilos 1-10,text,true,1054,10,10,413
1754759608218,406,LOGIN,201,Created,Grupo de Hilos 1-4,text,true,1054,10,10,406
1754759608301,401,LOGIN,201,Created,Grupo de Hilos 1-7,text,true,1047,10,10,401
1754759608321,424,LOGIN,201,Created,Grupo de Hilos 1-8,text,true,1057,10,10,424
1754759608332,429,LOGIN,201,Created,Grupo de Hilos 1-2,text,true,1042,10,10,429
1754759608448,416,LOGIN,201,Created,Grupo de Hilos 1-9,text,true,1054,10,10,416
1754759608496,406,LOGIN,201,Created,Grupo de Hilos 1-5,text,true,1045,10,10,406
1754759608506,411,LOGIN,201,Created,Grupo de Hilos 1-3,text,true,1051,10,10,411
1754759608545,415,LOGIN,201,Created,Grupo de Hilos 1-1,text,true,1056,10,10,415
1754759608608,405,LOGIN,201,Created,Grupo de Hilos 1-6,text,true,1048,10,10,405
1754759608617,412,LOGIN,201,Created,Grupo de Hilos 1-10,text,true,1052,10,10,412
1754759608625,410,LOGIN,201,Created,Grupo de Hilos 1-4,text,true,1050,10,10,410
1754759608703,413,LOGIN,201,Created,Grupo de Hilos 1-7,text,true,1045,10,10,413
1754759608746,416,LOGIN,201,Created,Grupo de Hilos 1-8,text,true,1053,10,10,416
1754759608762,420,LOGIN,201,Created,Grupo de Hilos 1-2,text,true,1048,10,10,420
1754759608864,419,LOGIN,201,Created,Grupo de Hilos 1-9,text,true,1060,10,10,419
1754759608917,403,LOGIN,201,Created,Grupo de Hilos 1-3,text,true,1053,10,10,403
1754759608902,460,LOGIN,201,Created,Grupo de Hilos 1-5,text,true,1047,10,10,460
1754759608985,411,LOGIN,201,Created,Grupo de Hilos 1-1,text,true,1053,10,10,411
1754759609014,407,LOGIN,201,Created,Grupo de Hilos 1-6,text,true,1052,10,10,407
1754759609029,406,LOGIN,201,Created,Grupo de Hilos 1-10,text,true,1054,10,10,406
1754759609035,406,LOGIN,201,Created,Grupo de Hilos 1-4,text,true,1042,10,10,406
1754759609116,403,LOGIN,201,Created,Grupo de Hilos 1-7,text,true,1045,10,10,403
1754759609163,415,LOGIN,201,Created,Grupo de Hilos 1-8,text,true,1057,10,10,415
1754759609183,467,LOGIN,201,Created,Grupo de Hilos 1-2,text,true,1044,10,10,467
1754759609283,418,LOGIN,201,Created,Grupo de Hilos 1-9,text,true,1050,10,10,418
1754759609321,410,LOGIN,201,Created,Grupo de Hilos 1-3,text,true,1047,10,10,410
1754759609363,410,LOGIN,201,Created,Grupo de Hilos 1-5,text,true,1053,10,10,410
1754759609397,410,LOGIN,201,Created,Grupo de Hilos 1-1,text,true,1053,10,10,410
1754759609423,409,LOGIN,201,Created,Grupo de Hilos 1-6,text,true,1052,10,10,409
1754759609435,403,LOGIN,201,Created,Grupo de Hilos 1-10,text,true,1052,10,10,403
1754759609442,408,LOGIN,201,Created,Grupo de Hilos 1-4,text,true,1048,10,10,408
1754759609528,402,LOGIN,201,Created,Grupo de Hilos 1-7,text,true,1053,10,10,402
1754759609579,417,LOGIN,201,Created,Grupo de Hilos 1-8,text,true,1045,10,10,417
1754759609652,420,LOGIN,201,Created,Grupo de Hilos 1-2,text,true,1048,10,10,420
1754759609701,416,LOGIN,201,Created,Grupo de Hilos 1-9,text,true,1056,10,10,416
1754759609732,406,LOGIN,201,Created,Grupo de Hilos 1-3,text,true,1051,10,10,406
1754759609773,407,LOGIN,201,Created,Grupo de Hilos 1-5,text,true,1047,10,10,407
1754759609807,409,LOGIN,201,Created,Grupo de Hilos 1-1,text,true,1059,10,10,409
1754759609832,403,LOGIN,201,Created,Grupo de Hilos 1-6,text,true,1054,10,10,403
1754759609838,407,LOGIN,201,Created,Grupo de Hilos 1-10,text,true,1054,10,10,407
1754759609850,411,LOGIN,201,Created,Grupo de Hilos 1-4,text,true,1046,10,10,411
1754759609929,403,LOGIN,201,Created,Grupo de Hilos 1-7,text,true,1047,10,10,403
1754759609995,418,LOGIN,201,Created,Grupo de Hilos 1-8,text,true,1061,10,10,418
1754759610084,422,LOGIN,201,Created,Grupo de Hilos 1-2,text,true,1050,10,10,422
1754759610117,412,LOGIN,201,Created,Grupo de Hilos 1-9,text,true,1050,10,10,412
1754759610138,409,LOGIN,201,Created,Grupo de Hilos 1-3,text,true,1050,10,10,409
1754759610180,412,LOGIN,201,Created,Grupo de Hilos 1-5,text,true,1045,10,10,412
1754759610217,413,LOGIN,201,Created,Grupo de Hilos 1-1,text,true,1051,10,10,413
1754759610236,413,LOGIN,201,Created,Grupo de Hilos 1-6,text,true,1045,10,10,413
1754759610246,408,LOGIN,201,Created,Grupo de Hilos 1-10,text,true,1050,10,10,408
1754759610261,414,LOGIN,201,Created,Grupo de Hilos 1-4,text,true,1046,10,10,414
1754759610332,400,LOGIN,201,Created,Grupo de Hilos 1-7,text,true,1045,10,10,400
1754759610413,410,LOGIN,201,Created,Grupo de Hilos 1-8,text,true,1055,10,10,410
1754759610507,427,LOGIN,201,Created,Grupo de Hilos 1-2,text,true,1046,10,10,427
1754759610530,415,LOGIN,201,Created,Grupo de Hilos 1-9,text,true,1048,10,10,415
1754759610547,418,LOGIN,201,Created,Grupo de Hilos 1-3,text,true,1048,10,10,418
1754759610617,410,LOGIN,201,Created,Grupo de Hilos 1-5,text,true,1051,10,10,410
1754759610631,418,LOGIN,201,Created,Grupo de Hilos 1-1,text,true,1053,10,10,418
1754759610650,410,LOGIN,201,Created,Grupo de Hilos 1-6,text,true,1049,10,10,410
1754759610655,416,LOGIN,201,Created,Grupo de Hilos 1-10,text,true,1056,10,10,416
1754759610675,404,LOGIN,201,Created,Grupo de Hilos 1-4,text,true,1048,10,10,404
1754759610733,402,LOGIN,201,Created,Grupo de Hilos 1-7,text,true,1057,10,10,402
1754759610824,417,LOGIN,201,Created,Grupo de Hilos 1-8,text,true,1055,10,10,417
1754759610946,413,LOGIN,201,Created,Grupo de Hilos 1-9,text,true,1058,10,10,413
1754759610935,441,LOGIN,201,Created,Grupo de Hilos 1-2,text,true,1054,10,10,441
1754759610966,412,LOGIN,201,Created,Grupo de Hilos 1-3,text,true,1050,10,10,412
1754759611028,404,LOGIN,201,Created,Grupo de Hilos 1-5,text,true,1047,10,10,404
1754759611050,411,LOGIN,201,Created,Grupo de Hilos 1-1,text,true,1056,10,10,411
1754759611060,404,LOGIN,201,Created,Grupo de Hilos 1-6,text,true,1051,10,10,404
1754759611071,403,LOGIN,201,Created,Grupo de Hilos 1-10,text,true,1060,10,10,403
1754759611079,407,LOGIN,201,Created,Grupo de Hilos 1-4,text,true,1046,10,10,407
1754759611156,405,LOGIN,201,Created,Grupo de Hilos 1-7,text,true,1047,10,10,405
1754759611242,413,LOGIN,201,Created,Grupo de Hilos 1-8,text,true,1061,10,10,413
1754759611361,412,LOGIN,201,Created,Grupo de Hilos 1-9,text,true,1054,10,10,412
1754759611379,406,LOGIN,201,Created,Grupo de Hilos 1-3,text,true,1042,10,10,406
1754759611377,427,LOGIN,201,Created,Grupo de Hilos 1-2,text,true,1054,10,10,427
1754759611433,420,LOGIN,201,Created,Grupo de Hilos 1-5,text,true,1049,10,10,420
1754759611465,406,LOGIN,201,Created,Grupo de Hilos 1-6,text,true,1049,10,10,406
1754759611461,413,LOGIN,201,Created,Grupo de Hilos 1-1,text,true,1046,10,10,413
1754759611475,412,LOGIN,201,Created,Grupo de Hilos 1-10,text,true,1054,10,10,412
1754759611487,405,LOGIN,201,Created,Grupo de Hilos 1-4,text,true,1044,10,10,405
1754759611562,403,LOGIN,201,Created,Grupo de Hilos 1-7,text,true,1047,10,10,403
1754759611680,414,LOGIN,201,Created,Grupo de Hilos 1-8,text,true,1057,10,10,414
1754759611774,412,LOGIN,201,Created,Grupo de Hilos 1-9,text,true,1054,10,10,412
1754759611785,407,LOGIN,201,Created,Grupo de Hilos 1-3,text,true,1054,10,10,407
1754759611804,433,LOGIN,201,Created,Grupo de Hilos 1-2,text,true,1055,10,10,433
1754759611854,407,LOGIN,201,Created,Grupo de Hilos 1-5,text,true,1055,10,10,407
1754759611872,405,LOGIN,201,Created,Grupo de Hilos 1-6,text,true,1053,10,10,405
1754759611875,415,LOGIN,201,Created,Grupo de Hilos 1-1,text,true,1051,10,10,415
1754759611887,403,LOGIN,201,Created,Grupo de Hilos 1-10,text,true,1050,10,10,403
1754759611893,407,LOGIN,201,Created,Grupo de Hilos 1-4,text,true,1049,10,10,407
1754759611965,406,LOGIN,201,Created,Grupo de Hilos 1-7,text,true,1048,10,10,406
1754759612094,426,LOGIN,201,Created,Grupo de Hilos 1-8,text,true,1051,10,10,426
1754759612211,410,LOGIN,201,Created,Grupo de Hilos 1-9,text,true,1048,10,10,410
1754759612211,412,LOGIN,201,Created,Grupo de Hilos 1-3,text,true,1063,10,10,412
1754759612237,429,LOGIN,201,Created,Grupo de Hilos 1-2,text,true,1052,10,10,429
1754759612261,406,LOGIN,201,Created,Grupo de Hilos 1-5,text,true,1050,10,10,406
1754759612277,413,LOGIN,201,Created,Grupo de Hilos 1-6,text,true,1055,10,10,413
1754759612291,408,LOGIN,201,Created,Grupo de Hilos 1-1,text,true,1053,10,10,408
1754759612291,410,LOGIN,201,Created,Grupo de Hilos 1-10,text,true,1060,10,10,410
1754759612301,408,LOGIN,201,Created,Grupo de Hilos 1-4,text,true,1059,10,10,408
1754759612372,407,LOGIN,201,Created,Grupo de Hilos 1-7,text,true,1052,10,10,407
1754759612521,415,LOGIN,201,Created,Grupo de Hilos 1-8,text,true,1052,10,10,415
1754759612624,409,LOGIN,201,Created,Grupo de Hilos 1-3,text,true,1059,10,10,409
1754759612622,418,LOGIN,201,Created,Grupo de Hilos 1-9,text,true,1057,10,10,418
1754759612668,405,LOGIN,201,Created,Grupo de Hilos 1-5,text,true,1054,10,10,405
1754759612667,431,LOGIN,201,Created,Grupo de Hilos 1-2,text,true,1050,10,10,431
1754759612714,402,LOGIN,201,Created,Grupo de Hilos 1-10,text,true,1056,10,10,402
1754759612715,404,LOGIN,201,Created,Grupo de Hilos 1-4,text,true,1055,10,10,404
1754759612714,408,LOGIN,201,Created,Grupo de Hilos 1-1,text,true,1053,10,10,408
1754759612715,408,LOGIN,201,Created,Grupo de Hilos 1-6,text,true,1046,10,10,408
1754759612780,404,LOGIN,201,Created,Grupo de Hilos 1-7,text,true,1048,10,10,404
1754759612936,412,LOGIN,201,Created,Grupo de Hilos 1-8,text,true,1058,10,10,412
1754759613034,407,LOGIN,201,Created,Grupo de Hilos 1-3,text,true,1059,10,10,407
1754759613041,410,LOGIN,201,Created,Grupo de Hilos 1-9,text,true,1057,10,10,410
1754759613074,412,LOGIN,201,Created,Grupo de Hilos 1-5,text,true,1046,10,10,412
1754759613120,403,LOGIN,201,Created,Grupo de Hilos 1-4,text,true,1055,10,10,403
1754759613123,403,LOGIN,201,Created,Grupo de Hilos 1-6,text,true,1052,10,10,403
1754759613098,428,LOGIN,201,Created,Grupo de Hilos 1-2,text,true,1048,10,10,428
1754759613117,410,LOGIN,201,Created,Grupo de Hilos 1-10,text,true,1058,10,10,409
1754759613123,410,LOGIN,201,Created,Grupo de Hilos 1-1,text,true,1057,10,10,410
1754759613204,403,LOGIN,201,Created,Grupo de Hilos 1-7,text,true,1052,10,10,403
1754759613349,416,LOGIN,201,Created,Grupo de Hilos 1-8,text,true,1052,10,10,416
1754759613442,411,LOGIN,201,Created,Grupo de Hilos 1-3,text,true,1047,10,10,411
1754759613452,408,LOGIN,201,Created,Grupo de Hilos 1-9,text,true,1057,10,10,408
1754759613487,404,LOGIN,201,Created,Grupo de Hilos 1-5,text,true,1056,10,10,404
1754759613526,403,LOGIN,201,Created,Grupo de Hilos 1-6,text,true,1048,10,10,403
1754759613527,404,LOGIN,201,Created,Grupo de Hilos 1-10,text,true,1057,10,10,404
1754759613523,410,LOGIN,201,Created,Grupo de Hilos 1-4,text,true,1060,10,10,410
1754759613533,407,LOGIN,201,Created,Grupo de Hilos 1-1,text,true,1044,10,10,407
1754759613526,423,LOGIN,201,Created,Grupo de Hilos 1-2,text,true,1059,10,10,423
1754759613608,407,LOGIN,201,Created,Grupo de Hilos 1-7,text,true,1050,10,10,407
1754759613790,417,LOGIN,201,Created,Grupo de Hilos 1-8,text,true,1050,10,10,417
1754759613853,411,LOGIN,201,Created,Grupo de Hilos 1-3,text,true,1051,10,10,411
1754759613861,410,LOGIN,201,Created,Grupo de Hilos 1-9,text,true,1053,10,10,410
1754759613891,413,LOGIN,201,Created,Grupo de Hilos 1-5,text,true,1056,10,10,413
1754759613929,409,LOGIN,201,Created,Grupo de Hilos 1-6,text,true,1048,10,10,409
1754759613931,407,LOGIN,201,Created,Grupo de Hilos 1-10,text,true,1060,10,10,407
1754759613934,411,LOGIN,201,Created,Grupo de Hilos 1-4,text,true,1058,10,10,411
1754759613940,416,LOGIN,201,Created,Grupo de Hilos 1-1,text,true,1051,10,10,416
1754759613950,422,LOGIN,201,Created,Grupo de Hilos 1-2,text,true,1052,10,10,422
1754759614015,398,LOGIN,201,Created,Grupo de Hilos 1-7,text,true,1050,10,10,398
1754759614208,419,LOGIN,201,Created,Grupo de Hilos 1-8,text,true,1048,10,10,419
1754759614296,410,LOGIN,201,Created,Grupo de Hilos 1-3,text,true,1053,10,10,410
1754759614305,407,LOGIN,201,Created,Grupo de Hilos 1-5,text,true,1050,10,10,407
1754759614295,419,LOGIN,201,Created,Grupo de Hilos 1-9,text,true,1049,10,10,419
1754759614339,404,LOGIN,201,Created,Grupo de Hilos 1-6,text,true,1056,10,10,404
1754759614339,406,LOGIN,201,Created,Grupo de Hilos 1-10,text,true,1052,10,10,406
1754759614346,418,LOGIN,201,Created,Grupo de Hilos 1-4,text,true,1044,10,10,418
1754759614356,414,LOGIN,201,Created,Grupo de Hilos 1-1,text,true,1053,10,10,414
1754759614373,431,LOGIN,201,Created,Grupo de Hilos 1-2,text,true,1048,10,10,431
1754759614413,401,LOGIN,201,Created,Grupo de Hilos 1-7,text,true,1054,10,10,401
1754759614628,414,LOGIN,201,Created,Grupo de Hilos 1-8,text,true,1060,10,10,414
1754759614707,409,LOGIN,201,Created,Grupo de Hilos 1-3,text,true,1051,10,10,409
1754759614712,409,LOGIN,201,Created,Grupo de Hilos 1-5,text,true,1051,10,10,409
1754759614715,410,LOGIN,201,Created,Grupo de Hilos 1-9,text,true,1058,10,10,410
1754759614744,410,LOGIN,201,Created,Grupo de Hilos 1-6,text,true,1052,10,10,410
1754759614746,410,LOGIN,201,Created,Grupo de Hilos 1-10,text,true,1048,10,10,410
1754759614790,408,LOGIN,201,Created,Grupo de Hilos 1-4,text,true,1049,10,10,408
1754759614790,413,LOGIN,201,Created,Grupo de Hilos 1-1,text,true,1051,10,10,413
1754759614816,401,LOGIN,201,Created,Grupo de Hilos 1-7,text,true,1048,10,10,401
1754759614806,420,LOGIN,201,Created,Grupo de Hilos 1-2,text,true,1046,10,10,420
1754759615043,412,LOGIN,201,Created,Grupo de Hilos 1-8,text,true,1052,10,10,412
1754759615119,405,LOGIN,201,Created,Grupo de Hilos 1-3,text,true,1045,10,10,405
1754759615123,415,LOGIN,201,Created,Grupo de Hilos 1-5,text,true,1055,10,10,415
1754759615127,414,LOGIN,201,Created,Grupo de Hilos 1-9,text,true,1044,10,10,414
1754759615155,406,LOGIN,201,Created,Grupo de Hilos 1-6,text,true,1044,10,10,406
1754759615157,404,LOGIN,201,Created,Grupo de Hilos 1-10,text,true,1046,10,10,404
1754759615199,411,LOGIN,201,Created,Grupo de Hilos 1-4,text,true,1055,10,10,411
1754759615203,411,LOGIN,201,Created,Grupo de Hilos 1-1,text,true,1053,10,10,411
1754759615217,403,LOGIN,201,Created,Grupo de Hilos 1-7,text,true,1054,10,10,403
1754759615227,422,LOGIN,201,Created,Grupo de Hilos 1-2,text,true,1052,10,10,422
1754759615479,422,LOGIN,201,Created,Grupo de Hilos 1-8,text,true,1056,10,10,422
1754759615525,412,LOGIN,201,Created,Grupo de Hilos 1-3,text,true,1053,10,10,412
1754759615539,409,LOGIN,201,Created,Grupo de Hilos 1-5,text,true,1053,10,10,409
1754759615541,416,LOGIN,201,Created,Grupo de Hilos 1-9,text,true,1046,10,10,416
1754759615562,408,LOGIN,201,Created,Grupo de Hilos 1-6,text,true,1048,10,10,408
1754759615562,412,LOGIN,201,Created,Grupo de Hilos 1-10,text,true,1062,10,10,412
1754759615620,399,LOGIN,201,Created,Grupo de Hilos 1-7,text,true,1048,10,10,399
1754759615614,410,LOGIN,201,Created,Grupo de Hilos 1-1,text,true,1063,10,10,410
1754759615611,416,LOGIN,201,Created,Grupo de Hilos 1-4,text,true,1051,10,10,416
1754759615649,429,LOGIN,201,Created,Grupo de Hilos 1-2,text,true,1056,10,10,429
1754759615902,416,LOGIN,201,Created,Grupo de Hilos 1-8,text,true,1054,10,10,416
1754759615939,413,LOGIN,201,Created,Grupo de Hilos 1-3,text,true,1047,10,10,413
1754759615976,404,LOGIN,201,Created,Grupo de Hilos 1-10,text,true,1060,10,10,404
1754759615974,408,LOGIN,201,Created,Grupo de Hilos 1-9,text,true,1052,10,10,408
1754759615973,410,LOGIN,201,Created,Grupo de Hilos 1-6,text,true,1048,10,10,410
1754759615973,410,LOGIN,201,Created,Grupo de Hilos 1-5,text,true,1057,10,10,410
1754759616020,413,LOGIN,201,Created,Grupo de Hilos 1-7,text,true,1053,10,10,413
1754759616027,414,LOGIN,201,Created,Grupo de Hilos 1-4,text,true,1048,10,10,414
1754759616025,416,LOGIN,201,Created,Grupo de Hilos 1-1,text,true,1063,10,10,416
1754759616078,421,LOGIN,201,Created,Grupo de Hilos 1-2,text,true,1050,10,10,421
1754759616319,415,LOGIN,201,Created,Grupo de Hilos 1-8,text,true,1054,10,10,415
1754759616353,413,LOGIN,201,Created,Grupo de Hilos 1-3,text,true,1053,10,10,413
1754759616383,409,LOGIN,201,Created,Grupo de Hilos 1-6,text,true,1052,10,10,409
1754759616383,413,LOGIN,201,Created,Grupo de Hilos 1-9,text,true,1050,10,10,413
1754759616381,415,LOGIN,201,Created,Grupo de Hilos 1-10,text,true,1059,10,10,415
1754759616384,415,LOGIN,201,Created,Grupo de Hilos 1-5,text,true,1058,10,10,415
1754759616434,402,LOGIN,201,Created,Grupo de Hilos 1-7,text,true,1053,10,10,402
1754759616441,405,LOGIN,201,Created,Grupo de Hilos 1-4,text,true,1055,10,10,405
1754759616441,408,LOGIN,201,Created,Grupo de Hilos 1-1,text,true,1055,10,10,408
1754759616524,416,LOGIN,201,Created,Grupo de Hilos 1-2,text,true,1046,10,10,416
1754759616745,413,LOGIN,201,Created,Grupo de Hilos 1-8,text,true,1054,10,10,413
1754759616768,409,LOGIN,201,Created,Grupo de Hilos 1-3,text,true,1053,10,10,409
1754759616793,403,LOGIN,201,Created,Grupo de Hilos 1-6,text,true,1063,10,10,403
1754759616796,406,LOGIN,201,Created,Grupo de Hilos 1-10,text,true,1052,10,10,406
1754759616796,415,LOGIN,201,Created,Grupo de Hilos 1-9,text,true,1054,10,10,415
1754759616800,411,LOGIN,201,Created,Grupo de Hilos 1-5,text,true,1054,10,10,411
1754759616837,404,LOGIN,201,Created,Grupo de Hilos 1-7,text,true,1047,10,10,404
1754759616846,411,LOGIN,201,Created,Grupo de Hilos 1-4,text,true,1071,10,10,411
1754759616849,410,LOGIN,201,Created,Grupo de Hilos 1-1,text,true,1057,10,10,410
1754759616941,418,LOGIN,201,Created,Grupo de Hilos 1-2,text,true,1050,10,10,418
1754759617185,410,LOGIN,201,Created,Grupo de Hilos 1-3,text,true,1053,10,10,410
1754759617196,409,LOGIN,201,Created,Grupo de Hilos 1-6,text,true,1054,10,10,409
1754759617186,419,LOGIN,201,Created,Grupo de Hilos 1-8,text,true,1050,10,10,419
1754759617203,408,LOGIN,201,Created,Grupo de Hilos 1-10,text,true,1052,10,10,408
1754759617212,413,LOGIN,201,Created,Grupo de Hilos 1-5,text,true,1058,10,10,413
1754759617212,413,LOGIN,201,Created,Grupo de Hilos 1-9,text,true,1054,10,10,413
1754759617242,408,LOGIN,201,Created,Grupo de Hilos 1-7,text,true,1050,10,10,408
1754759617258,407,LOGIN,201,Created,Grupo de Hilos 1-4,text,true,1052,10,10,407
1754759617259,412,LOGIN,201,Created,Grupo de Hilos 1-1,text,true,1053,10,10,412
1754759617360,425,LOGIN,201,Created,Grupo de Hilos 1-2,text,true,1044,10,10,425
1754759617596,406,LOGIN,201,Created,Grupo de Hilos 1-3,text,true,1055,10,10,406
1754759617606,407,LOGIN,201,Created,Grupo de Hilos 1-6,text,true,1052,10,10,407
1754759617612,401,LOGIN,201,Created,Grupo de Hilos 1-10,text,true,1048,10,10,401
1754759617606,422,LOGIN,201,Created,Grupo de Hilos 1-8,text,true,1060,10,10,422
1754759617626,408,LOGIN,201,Created,Grupo de Hilos 1-5,text,true,1045,10,10,408
1754759617626,415,LOGIN,201,Created,Grupo de Hilos 1-9,text,true,1057,10,10,415
1754759617652,405,LOGIN,201,Created,Grupo de Hilos 1-7,text,true,1052,10,10,405
1754759617690,409,LOGIN,201,Created,Grupo de Hilos 1-1,text,true,1064,10,10,409
1754759617690,414,LOGIN,201,Created,Grupo de Hilos 1-4,text,true,1045,10,10,414
1754759617786,418,LOGIN,201,Created,Grupo de Hilos 1-2,text,true,1049,10,10,418
1754759618003,407,LOGIN,201,Created,Grupo de Hilos 1-3,text,true,1053,10,10,407
1754759618014,406,LOGIN,201,Created,Grupo de Hilos 1-10,text,true,1055,10,10,406
1754759618014,413,LOGIN,201,Created,Grupo de Hilos 1-6,text,true,1055,10,10,413
1754759618028,416,LOGIN,201,Created,Grupo de Hilos 1-8,text,true,1049,10,10,416
1754759618035,416,LOGIN,201,Created,Grupo de Hilos 1-5,text,true,1045,10,10,416
1754759618041,413,LOGIN,201,Created,Grupo de Hilos 1-9,text,true,1047,10,10,413
1754759618058,404,LOGIN,201,Created,Grupo de Hilos 1-7,text,true,1054,10,10,404
1754759618104,406,LOGIN,201,Created,Grupo de Hilos 1-4,text,true,1049,10,10,406
1754759618100,412,LOGIN,201,Created,Grupo de Hilos 1-1,text,true,1054,10,10,412
1754759618218,423,LOGIN,201,Created,Grupo de Hilos 1-2,text,true,1051,10,10,423
1754759618410,411,LOGIN,201,Created,Grupo de Hilos 1-3,text,true,1057,10,10,411
1754759618421,401,LOGIN,201,Created,Grupo de Hilos 1-10,text,true,1047,10,10,401
1754759618427,405,LOGIN,201,Created,Grupo de Hilos 1-6,text,true,1051,10,10,405
1754759618451,409,LOGIN,201,Created,Grupo de Hilos 1-5,text,true,1057,10,10,409
1754759618445,415,LOGIN,201,Created,Grupo de Hilos 1-8,text,true,1057,10,10,415
1754759618463,402,LOGIN,201,Created,Grupo de Hilos 1-7,text,true,1054,10,10,402
1754759618455,426,LOGIN,201,Created,Grupo de Hilos 1-9,text,true,1059,10,10,426
1754759618510,409,LOGIN,201,Created,Grupo de Hilos 1-4,text,true,1058,10,10,409
1754759618512,413,LOGIN,201,Created,Grupo de Hilos 1-1,text,true,1051,10,10,413
1754759618642,420,LOGIN,201,Created,Grupo de Hilos 1-2,text,true,1057,10,10,420
1754759618836,408,LOGIN,201,Created,Grupo de Hilos 1-6,text,true,1050,10,10,408
1754759618836,408,LOGIN,201,Created,Grupo de Hilos 1-10,text,true,1053,10,10,408
1754759618836,427,LOGIN,201,Created,Grupo de Hilos 1-3,text,true,1052,10,10,427
1754759618865,402,LOGIN,201,Created,Grupo de Hilos 1-7,text,true,1057,10,10,402
1754759618861,411,LOGIN,201,Created,Grupo de Hilos 1-5,text,true,1049,10,10,411
1754759618861,422,LOGIN,201,Created,Grupo de Hilos 1-8,text,true,1047,10,10,422
1754759618881,409,LOGIN,201,Created,Grupo de Hilos 1-9,text,true,1056,10,10,408
1754759618919,413,LOGIN,201,Created,Grupo de Hilos 1-4,text,true,1060,10,10,413
1754759618925,414,LOGIN,201,Created,Grupo de Hilos 1-1,text,true,1053,10,10,414
1754759619063,423,LOGIN,201,Created,Grupo de Hilos 1-2,text,true,1055,10,10,423
1754759619245,405,LOGIN,201,Created,Grupo de Hilos 1-10,text,true,1052,10,10,405
1754759619244,408,LOGIN,201,Created,Grupo de Hilos 1-6,text,true,1053,10,10,408
1754759619264,410,LOGIN,201,Created,Grupo de Hilos 1-3,text,true,1050,10,10,410
1754759619273,403,LOGIN,201,Created,Grupo de Hilos 1-5,text,true,1045,10,10,403
1754759619268,418,LOGIN,201,Created,Grupo de Hilos 1-7,text,true,1049,10,10,418
1754759619284,417,LOGIN,201,Created,Grupo de Hilos 1-8,text,true,1047,10,10,417
1754759619291,433,LOGIN,201,Created,Grupo de Hilos 1-9,text,true,1058,10,10,433
1754759619356,405,LOGIN,201,Created,Grupo de Hilos 1-4,text,true,1056,10,10,405
1754759619356,411,LOGIN,201,Created,Grupo de Hilos 1-1,text,true,1049,10,10,410
1754759619486,422,LOGIN,201,Created,Grupo de Hilos 1-2,text,true,1051,10,10,422
1754759619650,405,LOGIN,201,Created,Grupo de Hilos 1-10,text,true,1059,10,10,405
1754759619654,422,LOGIN,201,Created,Grupo de Hilos 1-6,text,true,1054,10,10,422
1754759619675,409,LOGIN,201,Created,Grupo de Hilos 1-3,text,true,1056,10,10,409
1754759619686,399,LOGIN,201,Created,Grupo de Hilos 1-7,text,true,1051,10,10,399
1754759619677,413,LOGIN,201,Created,Grupo de Hilos 1-5,text,true,1051,10,10,413
1754759619702,412,LOGIN,201,Created,Grupo de Hilos 1-8,text,true,1059,10,10,412
1754759619725,410,LOGIN,201,Created,Grupo de Hilos 1-9,text,true,1054,10,10,410
1754759619762,407,LOGIN,201,Created,Grupo de Hilos 1-4,text,true,1056,10,10,407
1754759619767,411,LOGIN,201,Created,Grupo de Hilos 1-1,text,true,1063,10,10,411
1754759619932,440,LOGIN,201,Created,Grupo de Hilos 1-2,text,true,1051,10,10,440
1754759620055,409,LOGIN,201,Created,Grupo de Hilos 1-10,text,true,1049,10,10,409
1754759620077,409,LOGIN,201,Created,Grupo de Hilos 1-6,text,true,1054,10,10,409
1754759620085,407,LOGIN,201,Created,Grupo de Hilos 1-7,text,true,1053,10,10,407
1754759620084,409,LOGIN,201,Created,Grupo de Hilos 1-3,text,true,1062,10,10,409
1754759620090,406,LOGIN,201,Created,Grupo de Hilos 1-5,text,true,1049,10,10,406
1754759620113,412,LOGIN,201,Created,Grupo de Hilos 1-8,text,true,1053,10,10,412
1754759620135,409,LOGIN,201,Created,Grupo de Hilos 1-9,text,true,1052,10,10,409
1754759620169,405,LOGIN,201,Created,Grupo de Hilos 1-4,text,true,1054,10,10,405
1754759620178,416,LOGIN,201,Created,Grupo de Hilos 1-1,text,true,1051,10,10,416
1754759620373,419,LOGIN,201,Created,Grupo de Hilos 1-2,text,true,1055,10,10,419
1754759620492,402,LOGIN,201,Created,Grupo de Hilos 1-7,text,true,1054,10,10,402
1754759620487,409,LOGIN,201,Created,Grupo de Hilos 1-6,text,true,1048,10,10,409
1754759620486,410,LOGIN,201,Created,Grupo de Hilos 1-10,text,true,1059,10,10,410
1754759620493,412,LOGIN,201,Created,Grupo de Hilos 1-3,text,true,1051,10,10,412
1754759620496,413,LOGIN,201,Created,Grupo de Hilos 1-5,text,true,1053,10,10,413
1754759620526,428,LOGIN,201,Created,Grupo de Hilos 1-8,text,true,1057,10,10,428
1754759620545,424,LOGIN,201,Created,Grupo de Hilos 1-9,text,true,1048,10,10,424
1754759620574,408,LOGIN,201,Created,Grupo de Hilos 1-4,text,true,1056,10,10,408
1754759620594,416,LOGIN,201,Created,Grupo de Hilos 1-1,text,true,1047,10,10,416
1754759620793,422,LOGIN,201,Created,Grupo de Hilos 1-2,text,true,1053,10,10,422
1754759620895,401,LOGIN,201,Created,Grupo de Hilos 1-7,text,true,1056,10,10,401
1754759620897,406,LOGIN,201,Created,Grupo de Hilos 1-10,text,true,1068,10,10,406
1754759620897,413,LOGIN,201,Created,Grupo de Hilos 1-6,text,true,1047,10,10,413
1754759620910,405,LOGIN,201,Created,Grupo de Hilos 1-5,text,true,1049,10,10,405
1754759620906,411,LOGIN,201,Created,Grupo de Hilos 1-3,text,true,1059,10,10,411
1754759620979,409,LOGIN,201,Created,Grupo de Hilos 1-9,text,true,1058,10,10,409
1754759620983,413,LOGIN,201,Created,Grupo de Hilos 1-4,text,true,1056,10,10,413
1754759620979,418,LOGIN,201,Created,Grupo de Hilos 1-8,text,true,1049,10,10,418
1754759621010,414,LOGIN,201,Created,Grupo de Hilos 1-1,text,true,1051,10,10,414
1754759621215,423,LOGIN,201,Created,Grupo de Hilos 1-2,text,true,1055,9,9,423
1754759621297,401,LOGIN,201,Created,Grupo de Hilos 1-7,text,true,1052,9,9,401
1754759621304,406,LOGIN,201,Created,Grupo de Hilos 1-10,text,true,1046,9,9,406
1754759621310,411,LOGIN,201,Created,Grupo de Hilos 1-6,text,true,1057,9,9,411
1754759621315,410,LOGIN,201,Created,Grupo de Hilos 1-5,text,true,1049,9,9,410
1754759621317,415,LOGIN,201,Created,Grupo de Hilos 1-3,text,true,1053,9,9,415
1754759621389,411,LOGIN,201,Created,Grupo de Hilos 1-9,text,true,1055,9,9,411
1754759621397,406,LOGIN,201,Created,Grupo de Hilos 1-4,text,true,1056,9,9,406
1754759621398,412,LOGIN,201,Created,Grupo de Hilos 1-8,text,true,1052,9,9,412
1754759621663,431,LOGIN,201,Created,Grupo de Hilos 1-2,text,true,1053,9,9,431
1754759621710,402,LOGIN,201,Created,Grupo de Hilos 1-10,text,true,1057,9,9,402
1754759621699,414,LOGIN,201,Created,Grupo de Hilos 1-7,text,true,1052,9,9,414
1754759621722,408,LOGIN,201,Created,Grupo de Hilos 1-6,text,true,1059,8,8,408
1754759621726,406,LOGIN,201,Created,Grupo de Hilos 1-5,text,true,1056,7,7,406
1754759621732,414,LOGIN,201,Created,Grupo de Hilos 1-3,text,true,1055,7,7,414
1754759621800,415,LOGIN,201,Created,Grupo de Hilos 1-9,text,true,1059,6,6,415
1754759621803,412,LOGIN,201,Created,Grupo de Hilos 1-4,text,true,1057,6,6,412
1754759621811,416,LOGIN,201,Created,Grupo de Hilos 1-8,text,true,1050,5,5,416
1754759622113,408,LOGIN,201,Created,Grupo de Hilos 1-10,text,true,1053,5,5,408
1754759622133,413,LOGIN,201,Created,Grupo de Hilos 1-5,text,true,1050,5,5,413
1754759622094,522,LOGIN,201,Created,Grupo de Hilos 1-2,text,true,1054,4,4,522
1754759622215,407,LOGIN,201,Created,Grupo de Hilos 1-9,text,true,1059,4,4,407
1754759622227,418,LOGIN,201,Created,Grupo de Hilos 1-8,text,true,1044,4,4,418
1754759622522,406,LOGIN,201,Created,Grupo de Hilos 1-10,text,true,1058,4,4,406
1754759622622,409,LOGIN,201,Created,Grupo de Hilos 1-9,text,true,1055,3,3,409
1754759622617,426,LOGIN,201,Created,Grupo de Hilos 1-2,text,true,1043,2,2,426
1754759622669,417,LOGIN,201,Created,Grupo de Hilos 1-8,text,true,1054,1,1,416
1754759786409,602,LOGIN,201,Created,Grupo de Hilos 1-1,text,true,1047,4,4,602
1754759786606,594,LOGIN,201,Created,Grupo de Hilos 1-2,text,true,1049,4,4,594
1754759787013,409,LOGIN,201,Created,Grupo de Hilos 1-1,text,true,1051,6,6,409
1754759786809,631,LOGIN,201,Created,Grupo de Hilos 1-3,text,true,1046,6,6,631
1754759787012,585,LOGIN,201,Created,Grupo de Hilos 1-4,text,true,1048,6,6,585
1754759787201,411,LOGIN,201,Created,Grupo de Hilos 1-2,text,true,1046,7,7,411
1754759787215,582,LOGIN,201,Created,Grupo de Hilos 1-5,text,true,1043,7,7,582
1754759787423,411,LOGIN,201,Created,Grupo de Hilos 1-1,text,true,1046,8,8,411
1754759787440,410,LOGIN,201,Created,Grupo de Hilos 1-3,text,true,1049,8,8,410
1754759787597,414,LOGIN,201,Created,Grupo de Hilos 1-4,text,true,1048,9,9,414
1754759787612,411,LOGIN,201,Created,Grupo de Hilos 1-2,text,true,1050,9,9,411
1754759787797,408,LOGIN,201,Created,Grupo de Hilos 1-5,text,true,1047,10,10,408
1754759787835,410,LOGIN,201,Created,Grupo de Hilos 1-1,text,true,1049,10,10,410
1754759787850,422,LOGIN,201,Created,Grupo de Hilos 1-3,text,true,1047,10,10,422
1754759787802,588,LOGIN,201,Created,Grupo de Hilos 1-8,text,true,1046,10,10,588
1754759788012,413,LOGIN,201,Created,Grupo de Hilos 1-4,text,true,1046,10,10,413
1754759788024,414,LOGIN,201,Created,Grupo de Hilos 1-2,text,true,1054,10,10,414
1754759787419,1086,LOGIN,201,Created,Grupo de Hilos 1-6,text,true,1040,10,10,1086
1754759788003,606,LOGIN,201,Created,Grupo de Hilos 1-9,text,true,1044,10,10,606
1754759788205,405,LOGIN,201,Created,Grupo de Hilos 1-5,text,true,1055,10,10,405
1754759787603,1046,LOGIN,201,Created,Grupo de Hilos 1-7,text,true,1055,10,10,1046
1754759788246,415,LOGIN,201,Created,Grupo de Hilos 1-1,text,true,1043,10,10,415
1754759788272,420,LOGIN,201,Created,Grupo de Hilos 1-3,text,true,1052,10,10,420
1754759788203,579,LOGIN,201,Created,Grupo de Hilos 1-10,text,true,1039,10,10,579
1754759788390,409,LOGIN,201,Created,Grupo de Hilos 1-8,text,true,1045,10,10,409
1754759788426,411,LOGIN,201,Created,Grupo de Hilos 1-4,text,true,1049,10,10,411
1754759788438,414,LOGIN,201,Created,Grupo de Hilos 1-2,text,true,1052,10,10,414
1754759788506,435,LOGIN,201,Created,Grupo de Hilos 1-6,text,true,1044,10,10,435
1754759788613,406,LOGIN,201,Created,Grupo de Hilos 1-5,text,true,1048,10,10,406
1754759788610,410,LOGIN,201,Created,Grupo de Hilos 1-9,text,true,1047,10,10,410
1754759788650,418,LOGIN,201,Created,Grupo de Hilos 1-7,text,true,1045,10,10,417
1754759788667,416,LOGIN,201,Created,Grupo de Hilos 1-1,text,true,1058,10,10,416
1754759788693,417,LOGIN,201,Created,Grupo de Hilos 1-3,text,true,1051,10,10,417
1754759788782,413,LOGIN,201,Created,Grupo de Hilos 1-10,text,true,1047,10,10,413
1754759788800,422,LOGIN,201,Created,Grupo de Hilos 1-8,text,true,1046,10,10,422
1754759788838,407,LOGIN,201,Created,Grupo de Hilos 1-4,text,true,1052,10,10,407
1754759788853,409,LOGIN,201,Created,Grupo de Hilos 1-2,text,true,1052,10,10,409
1754759788941,422,LOGIN,201,Created,Grupo de Hilos 1-6,text,true,1046,10,10,422
1754759789019,409,LOGIN,201,Created,Grupo de Hilos 1-5,text,true,1039,10,10,409
1754759789023,406,LOGIN,201,Created,Grupo de Hilos 1-9,text,true,1050,10,10,406
1754759789068,411,LOGIN,201,Created,Grupo de Hilos 1-7,text,true,1049,10,10,411
1754759789083,414,LOGIN,201,Created,Grupo de Hilos 1-1,text,true,1052,10,10,414
1754759789110,421,LOGIN,201,Created,Grupo de Hilos 1-3,text,true,1043,10,10,421
1754759789195,422,LOGIN,201,Created,Grupo de Hilos 1-10,text,true,1048,10,10,422
1754759789223,410,LOGIN,201,Created,Grupo de Hilos 1-8,text,true,1054,10,10,410
1754759789262,417,LOGIN,201,Created,Grupo de Hilos 1-2,text,true,1060,10,10,417
1754759789246,438,LOGIN,201,Created,Grupo de Hilos 1-4,text,true,1042,10,10,438
1754759789364,418,LOGIN,201,Created,Grupo de Hilos 1-6,text,true,1044,10,10,418
1754759789429,412,LOGIN,201,Created,Grupo de Hilos 1-5,text,true,1051,10,10,412
1754759789431,418,LOGIN,201,Created,Grupo de Hilos 1-9,text,true,1046,10,10,418
1754759789480,417,LOGIN,201,Created,Grupo de Hilos 1-7,text,true,1051,10,10,417
1754759789498,415,LOGIN,201,Created,Grupo de Hilos 1-1,text,true,1049,10,10,415
1754759789531,415,LOGIN,201,Created,Grupo de Hilos 1-3,text,true,1045,10,10,415
1754759789617,415,LOGIN,201,Created,Grupo de Hilos 1-10,text,true,1042,10,10,415
1754759789634,410,LOGIN,201,Created,Grupo de Hilos 1-8,text,true,1047,10,10,410
1754759789680,406,LOGIN,201,Created,Grupo de Hilos 1-2,text,true,1043,10,10,406
1754759789685,411,LOGIN,201,Created,Grupo de Hilos 1-4,text,true,1066,10,10,411
1754759789783,422,LOGIN,201,Created,Grupo de Hilos 1-6,text,true,1045,10,10,422
1754759789842,418,LOGIN,201,Created,Grupo de Hilos 1-5,text,true,1045,10,10,418
1754759789849,416,LOGIN,201,Created,Grupo de Hilos 1-9,text,true,1049,10,10,416
1754759789898,415,LOGIN,201,Created,Grupo de Hilos 1-7,text,true,1044,10,10,415
1754759789914,418,LOGIN,201,Created,Grupo de Hilos 1-1,text,true,1053,10,10,418
1754759789946,410,LOGIN,201,Created,Grupo de Hilos 1-3,text,true,1046,10,10,410
1754759790033,420,LOGIN,201,Created,Grupo de Hilos 1-10,text,true,1043,10,10,420
1754759790044,409,LOGIN,201,Created,Grupo de Hilos 1-8,text,true,1051,10,10,409
1754759790087,407,LOGIN,201,Created,Grupo de Hilos 1-2,text,true,1047,10,10,407
1754759790096,411,LOGIN,201,Created,Grupo de Hilos 1-4,text,true,1049,10,10,411
1754759790260,407,LOGIN,201,Created,Grupo de Hilos 1-5,text,true,1048,10,10,407
1754759790264,405,LOGIN,201,Created,Grupo de Hilos 1-9,text,true,1049,10,10,405
1754759790205,469,LOGIN,201,Created,Grupo de Hilos 1-6,text,true,1051,10,10,469
1754759790312,422,LOGIN,201,Created,Grupo de Hilos 1-7,text,true,1046,10,10,422
1754759790331,415,LOGIN,201,Created,Grupo de Hilos 1-1,text,true,1047,10,10,415
1754759790355,415,LOGIN,201,Created,Grupo de Hilos 1-3,text,true,1048,10,10,415
1754759790455,412,LOGIN,201,Created,Grupo de Hilos 1-10,text,true,1053,10,10,412
1754759790453,415,LOGIN,201,Created,Grupo de Hilos 1-8,text,true,1049,10,10,415
1754759790494,412,LOGIN,201,Created,Grupo de Hilos 1-2,text,true,1049,10,10,412
1754759790507,410,LOGIN,201,Created,Grupo de Hilos 1-4,text,true,1059,10,10,410
1754759790667,406,LOGIN,201,Created,Grupo de Hilos 1-5,text,true,1044,10,10,406
1754759790670,409,LOGIN,201,Created,Grupo de Hilos 1-9,text,true,1045,10,10,409
1754759790675,426,LOGIN,201,Created,Grupo de Hilos 1-6,text,true,1057,10,10,426
1754759790735,416,LOGIN,201,Created,Grupo de Hilos 1-7,text,true,1048,10,10,416
1754759790746,413,LOGIN,201,Created,Grupo de Hilos 1-1,text,true,1049,10,10,413
1754759790771,416,LOGIN,201,Created,Grupo de Hilos 1-3,text,true,1052,10,10,416
1754759790868,415,LOGIN,201,Created,Grupo de Hilos 1-10,text,true,1051,10,10,415
1754759790871,423,LOGIN,201,Created,Grupo de Hilos 1-8,text,true,1052,10,10,423
1754759790908,409,LOGIN,201,Created,Grupo de Hilos 1-2,text,true,1047,10,10,409
1754759790918,411,LOGIN,201,Created,Grupo de Hilos 1-4,text,true,1051,10,10,411
1754759791079,407,LOGIN,201,Created,Grupo de Hilos 1-9,text,true,1044,10,10,407
1754759791073,414,LOGIN,201,Created,Grupo de Hilos 1-5,text,true,1058,10,10,414
1754759791102,414,LOGIN,201,Created,Grupo de Hilos 1-6,text,true,1046,10,10,414
1754759791152,416,LOGIN,201,Created,Grupo de Hilos 1-7,text,true,1053,10,10,416
1754759791159,417,LOGIN,201,Created,Grupo de Hilos 1-1,text,true,1055,10,10,417
1754759791188,417,LOGIN,201,Created,Grupo de Hilos 1-3,text,true,1048,10,10,417
1754759791283,418,LOGIN,201,Created,Grupo de Hilos 1-10,text,true,1046,10,10,418
1754759791294,413,LOGIN,201,Created,Grupo de Hilos 1-8,text,true,1048,10,10,413
1754759791317,413,LOGIN,201,Created,Grupo de Hilos 1-2,text,true,1055,10,10,413
1754759791330,418,LOGIN,201,Created,Grupo de Hilos 1-4,text,true,1053,10,10,418
1754759791490,404,LOGIN,201,Created,Grupo de Hilos 1-5,text,true,1046,10,10,404
1754759791487,410,LOGIN,201,Created,Grupo de Hilos 1-9,text,true,1048,10,10,410
1754759791517,414,LOGIN,201,Created,Grupo de Hilos 1-6,text,true,1050,10,10,414
1754759791569,415,LOGIN,201,Created,Grupo de Hilos 1-7,text,true,1051,10,10,415
1754759791577,417,LOGIN,201,Created,Grupo de Hilos 1-1,text,true,1051,10,10,417
1754759791605,413,LOGIN,201,Created,Grupo de Hilos 1-3,text,true,1050,10,10,413
1754759791702,415,LOGIN,201,Created,Grupo de Hilos 1-10,text,true,1050,10,10,415
1754759791707,413,LOGIN,201,Created,Grupo de Hilos 1-8,text,true,1058,10,10,413
1754759791731,409,LOGIN,201,Created,Grupo de Hilos 1-2,text,true,1051,10,10,409
1754759791749,412,LOGIN,201,Created,Grupo de Hilos 1-4,text,true,1049,10,10,412
1754759791894,410,LOGIN,201,Created,Grupo de Hilos 1-5,text,true,1050,10,10,410
1754759791898,407,LOGIN,201,Created,Grupo de Hilos 1-9,text,true,1044,10,10,407
1754759791932,421,LOGIN,201,Created,Grupo de Hilos 1-6,text,true,1052,10,10,421
1754759791985,411,LOGIN,201,Created,Grupo de Hilos 1-7,text,true,1061,10,10,411
1754759791995,418,LOGIN,201,Created,Grupo de Hilos 1-1,text,true,1055,10,10,418
1754759792019,413,LOGIN,201,Created,Grupo de Hilos 1-3,text,true,1054,10,10,412
1754759792122,406,LOGIN,201,Created,Grupo de Hilos 1-8,text,true,1054,10,10,406
1754759792118,414,LOGIN,201,Created,Grupo de Hilos 1-10,text,true,1048,10,10,414
1754759792141,406,LOGIN,201,Created,Grupo de Hilos 1-2,text,true,1045,10,10,406
1754759792161,409,LOGIN,201,Created,Grupo de Hilos 1-4,text,true,1049,10,10,409
1754759792305,407,LOGIN,201,Created,Grupo de Hilos 1-5,text,true,1046,10,10,407
1754759792308,414,LOGIN,201,Created,Grupo de Hilos 1-9,text,true,1060,10,10,414
1754759792354,441,LOGIN,201,Created,Grupo de Hilos 1-6,text,true,1052,10,10,441
1754759792396,415,LOGIN,201,Created,Grupo de Hilos 1-7,text,true,1055,10,10,415
1754759792414,417,LOGIN,201,Created,Grupo de Hilos 1-1,text,true,1054,10,10,417
1754759792432,419,LOGIN,201,Created,Grupo de Hilos 1-3,text,true,1046,10,10,419
1754759792529,413,LOGIN,201,Created,Grupo de Hilos 1-8,text,true,1042,10,10,413
1754759792548,410,LOGIN,201,Created,Grupo de Hilos 1-2,text,true,1047,10,10,410
1754759792533,426,LOGIN,201,Created,Grupo de Hilos 1-10,text,true,1050,10,10,426
1754759792570,410,LOGIN,201,Created,Grupo de Hilos 1-4,text,true,1051,10,10,410
1754759792713,416,LOGIN,201,Created,Grupo de Hilos 1-5,text,true,1046,10,10,416
1754759792722,411,LOGIN,201,Created,Grupo de Hilos 1-9,text,true,1042,10,10,411
1754759792796,413,LOGIN,201,Created,Grupo de Hilos 1-6,text,true,1052,10,10,413
1754759792812,409,LOGIN,201,Created,Grupo de Hilos 1-7,text,true,1045,10,10,409
1754759792832,419,LOGIN,201,Created,Grupo de Hilos 1-1,text,true,1056,10,10,419
1754759792852,415,LOGIN,201,Created,Grupo de Hilos 1-3,text,true,1052,10,10,415
1754759792943,408,LOGIN,201,Created,Grupo de Hilos 1-8,text,true,1046,10,10,408
1754759792959,408,LOGIN,201,Created,Grupo de Hilos 1-2,text,true,1049,10,10,408
1754759792962,415,LOGIN,201,Created,Grupo de Hilos 1-10,text,true,1045,10,10,415
1754759792980,408,LOGIN,201,Created,Grupo de Hilos 1-4,text,true,1048,10,10,408
1754759793129,405,LOGIN,201,Created,Grupo de Hilos 1-5,text,true,1052,10,10,405
1754759793134,414,LOGIN,201,Created,Grupo de Hilos 1-9,text,true,1054,10,10,414
1754759793210,415,LOGIN,201,Created,Grupo de Hilos 1-6,text,true,1052,10,10,415
1754759793222,414,LOGIN,201,Created,Grupo de Hilos 1-7,text,true,1047,10,10,414
1754759793251,412,LOGIN,201,Created,Grupo de Hilos 1-1,text,true,1048,10,10,412
1754759793268,412,LOGIN,201,Created,Grupo de Hilos 1-3,text,true,1047,10,10,412
1754759793352,414,LOGIN,201,Created,Grupo de Hilos 1-8,text,true,1048,10,10,414
1754759793368,406,LOGIN,201,Created,Grupo de Hilos 1-2,text,true,1049,10,10,406
1754759793378,418,LOGIN,201,Created,Grupo de Hilos 1-10,text,true,1047,10,10,418
1754759793388,411,LOGIN,201,Created,Grupo de Hilos 1-4,text,true,1054,10,10,411
1754759793535,405,LOGIN,201,Created,Grupo de Hilos 1-5,text,true,1048,10,10,405
1754759793548,407,LOGIN,201,Created,Grupo de Hilos 1-9,text,true,1046,10,10,407
1754759793626,417,LOGIN,201,Created,Grupo de Hilos 1-6,text,true,1058,10,10,417
1754759793637,414,LOGIN,201,Created,Grupo de Hilos 1-7,text,true,1043,10,10,414
1754759793664,416,LOGIN,201,Created,Grupo de Hilos 1-1,text,true,1050,10,10,416
1754759793680,423,LOGIN,201,Created,Grupo de Hilos 1-3,text,true,1055,10,10,423
1754759793775,407,LOGIN,201,Created,Grupo de Hilos 1-2,text,true,1055,10,10,407
1754759793766,422,LOGIN,201,Created,Grupo de Hilos 1-8,text,true,1043,10,10,422
1754759793797,408,LOGIN,201,Created,Grupo de Hilos 1-10,text,true,1055,10,10,408
1754759793800,417,LOGIN,201,Created,Grupo de Hilos 1-4,text,true,1050,10,10,417
1754759793940,419,LOGIN,201,Created,Grupo de Hilos 1-5,text,true,1049,10,10,419
1754759793955,408,LOGIN,201,Created,Grupo de Hilos 1-9,text,true,1043,10,10,408
1754759794051,411,LOGIN,201,Created,Grupo de Hilos 1-7,text,true,1051,10,10,411
1754759794043,427,LOGIN,201,Created,Grupo de Hilos 1-6,text,true,1049,10,10,427
1754759794080,416,LOGIN,201,Created,Grupo de Hilos 1-1,text,true,1048,10,10,416
1754759794103,418,LOGIN,201,Created,Grupo de Hilos 1-3,text,true,1051,10,10,418
1754759794183,410,LOGIN,201,Created,Grupo de Hilos 1-2,text,true,1049,10,10,410
1754759794189,405,LOGIN,201,Created,Grupo de Hilos 1-8,text,true,1047,10,10,405
1754759794206,412,LOGIN,201,Created,Grupo de Hilos 1-10,text,true,1049,10,10,412
1754759794217,414,LOGIN,201,Created,Grupo de Hilos 1-4,text,true,1054,10,10,414
1754759794364,405,LOGIN,201,Created,Grupo de Hilos 1-9,text,true,1047,10,10,405
1754759794360,414,LOGIN,201,Created,Grupo de Hilos 1-5,text,true,1045,10,10,414
1754759794462,417,LOGIN,201,Created,Grupo de Hilos 1-7,text,true,1047,10,10,417
1754759794471,419,LOGIN,201,Created,Grupo de Hilos 1-6,text,true,1050,10,10,419
1754759794497,412,LOGIN,201,Created,Grupo de Hilos 1-1,text,true,1054,10,10,411
1754759794522,412,LOGIN,201,Created,Grupo de Hilos 1-3,text,true,1043,10,10,412
1754759794594,408,LOGIN,201,Created,Grupo de Hilos 1-2,text,true,1045,10,10,408
1754759794595,409,LOGIN,201,Created,Grupo de Hilos 1-8,text,true,1049,10,10,409
1754759794619,413,LOGIN,201,Created,Grupo de Hilos 1-10,text,true,1044,10,10,413
1754759794632,410,LOGIN,201,Created,Grupo de Hilos 1-4,text,true,1050,10,10,410
1754759794770,408,LOGIN,201,Created,Grupo de Hilos 1-9,text,true,1047,10,10,408
1754759794775,407,LOGIN,201,Created,Grupo de Hilos 1-5,text,true,1045,10,10,407
1754759794879,418,LOGIN,201,Created,Grupo de Hilos 1-7,text,true,1055,10,10,418
1754759794909,413,LOGIN,201,Created,Grupo de Hilos 1-1,text,true,1054,10,10,413
1754759794891,431,LOGIN,201,Created,Grupo de Hilos 1-6,text,true,1050,10,10,431
1754759794935,431,LOGIN,201,Created,Grupo de Hilos 1-3,text,true,1043,10,10,431
1754759795003,416,LOGIN,201,Created,Grupo de Hilos 1-2,text,true,1049,10,10,416
1754759795007,418,LOGIN,201,Created,Grupo de Hilos 1-8,text,true,1052,10,10,418
1754759795033,416,LOGIN,201,Created,Grupo de Hilos 1-10,text,true,1046,10,10,416
1754759795043,409,LOGIN,201,Created,Grupo de Hilos 1-4,text,true,1056,10,10,409
1754759795184,407,LOGIN,201,Created,Grupo de Hilos 1-5,text,true,1043,10,10,407
1754759795180,413,LOGIN,201,Created,Grupo de Hilos 1-9,text,true,1049,10,10,413
1754759795299,414,LOGIN,201,Created,Grupo de Hilos 1-7,text,true,1049,10,10,413
1754759795324,415,LOGIN,201,Created,Grupo de Hilos 1-1,text,true,1058,10,10,415
1754759795323,430,LOGIN,201,Created,Grupo de Hilos 1-6,text,true,1052,10,10,430
1754759795368,412,LOGIN,201,Created,Grupo de Hilos 1-3,text,true,1049,10,10,412
1754759795421,406,LOGIN,201,Created,Grupo de Hilos 1-2,text,true,1047,10,10,406
1754759795427,412,LOGIN,201,Created,Grupo de Hilos 1-8,text,true,1052,10,10,412
1754759795452,415,LOGIN,201,Created,Grupo de Hilos 1-10,text,true,1044,10,10,415
1754759795454,413,LOGIN,201,Created,Grupo de Hilos 1-4,text,true,1048,10,10,413
1754759795595,407,LOGIN,201,Created,Grupo de Hilos 1-9,text,true,1043,10,10,407
1754759795591,412,LOGIN,201,Created,Grupo de Hilos 1-5,text,true,1043,10,10,412
1754759795713,418,LOGIN,201,Created,Grupo de Hilos 1-7,text,true,1049,10,10,418
1754759795740,419,LOGIN,201,Created,Grupo de Hilos 1-1,text,true,1048,10,10,419
1754759795754,420,LOGIN,201,Created,Grupo de Hilos 1-6,text,true,1054,10,10,420
1754759795780,420,LOGIN,201,Created,Grupo de Hilos 1-3,text,true,1049,10,10,420
1754759795828,410,LOGIN,201,Created,Grupo de Hilos 1-2,text,true,1053,10,10,410
1754759795840,408,LOGIN,201,Created,Grupo de Hilos 1-8,text,true,1059,10,10,408
1754759795868,412,LOGIN,201,Created,Grupo de Hilos 1-4,text,true,1056,10,10,412
1754759795868,416,LOGIN,201,Created,Grupo de Hilos 1-10,text,true,1048,10,10,416
1754759796003,406,LOGIN,201,Created,Grupo de Hilos 1-9,text,true,1043,10,10,406
1754759796006,408,LOGIN,201,Created,Grupo de Hilos 1-5,text,true,1045,10,10,408
1754759796131,414,LOGIN,201,Created,Grupo de Hilos 1-7,text,true,1059,10,10,414
1754759796160,410,LOGIN,201,Created,Grupo de Hilos 1-1,text,true,1053,10,10,410
1754759796175,429,LOGIN,201,Created,Grupo de Hilos 1-6,text,true,1058,10,10,429
1754759796202,419,LOGIN,201,Created,Grupo de Hilos 1-3,text,true,1044,10,10,419
1754759796239,415,LOGIN,201,Created,Grupo de Hilos 1-2,text,true,1043,10,10,415
1754759796249,415,LOGIN,201,Created,Grupo de Hilos 1-8,text,true,1051,10,10,415
1754759796285,414,LOGIN,201,Created,Grupo de Hilos 1-10,text,true,1056,10,10,414
1754759796281,418,LOGIN,201,Created,Grupo de Hilos 1-4,text,true,1048,10,10,418
1754759796410,409,LOGIN,201,Created,Grupo de Hilos 1-9,text,true,1051,10,10,409
1754759796415,407,LOGIN,201,Created,Grupo de Hilos 1-5,text,true,1045,10,10,407
1754759796546,415,LOGIN,201,Created,Grupo de Hilos 1-7,text,true,1047,10,10,415
1754759796571,419,LOGIN,201,Created,Grupo de Hilos 1-1,text,true,1043,10,10,419
1754759796622,415,LOGIN,201,Created,Grupo de Hilos 1-3,text,true,1048,10,10,415
1754759796605,436,LOGIN,201,Created,Grupo de Hilos 1-6,text,true,1050,10,10,436
1754759796655,415,LOGIN,201,Created,Grupo de Hilos 1-2,text,true,1046,10,10,415
1754759796664,410,LOGIN,201,Created,Grupo de Hilos 1-8,text,true,1047,10,10,410
1754759796701,407,LOGIN,201,Created,Grupo de Hilos 1-10,text,true,1046,10,10,407
1754759796701,413,LOGIN,201,Created,Grupo de Hilos 1-4,text,true,1050,10,10,413
1754759796819,407,LOGIN,201,Created,Grupo de Hilos 1-9,text,true,1049,10,10,407
1754759796823,420,LOGIN,201,Created,Grupo de Hilos 1-5,text,true,1053,10,10,420
1754759796962,421,LOGIN,201,Created,Grupo de Hilos 1-7,text,true,1051,10,10,421
1754759796991,427,LOGIN,201,Created,Grupo de Hilos 1-1,text,true,1057,10,10,427
1754759797038,415,LOGIN,201,Created,Grupo de Hilos 1-3,text,true,1045,10,10,415
1754759797041,420,LOGIN,201,Created,Grupo de Hilos 1-6,text,true,1047,10,10,420
1754759797071,411,LOGIN,201,Created,Grupo de Hilos 1-2,text,true,1044,10,10,411
1754759797074,410,LOGIN,201,Created,Grupo de Hilos 1-8,text,true,1051,10,10,410
1754759797109,408,LOGIN,201,Created,Grupo de Hilos 1-10,text,true,1058,10,10,408
1754759797115,415,LOGIN,201,Created,Grupo de Hilos 1-4,text,true,1049,10,10,415
1754759797227,409,LOGIN,201,Created,Grupo de Hilos 1-9,text,true,1051,10,10,409
1754759797243,410,LOGIN,201,Created,Grupo de Hilos 1-5,text,true,1052,10,10,410
1754759797384,415,LOGIN,201,Created,Grupo de Hilos 1-7,text,true,1050,10,10,415
1754759797419,413,LOGIN,201,Created,Grupo de Hilos 1-1,text,true,1049,10,10,413
1754759797454,418,LOGIN,201,Created,Grupo de Hilos 1-3,text,true,1051,10,10,418
1754759797461,422,LOGIN,201,Created,Grupo de Hilos 1-6,text,true,1044,10,10,422
1754759797482,412,LOGIN,201,Created,Grupo de Hilos 1-2,text,true,1046,10,10,412
1754759797485,411,LOGIN,201,Created,Grupo de Hilos 1-8,text,true,1055,10,10,411
1754759797519,413,LOGIN,201,Created,Grupo de Hilos 1-10,text,true,1050,10,10,413
1754759797530,411,LOGIN,201,Created,Grupo de Hilos 1-4,text,true,1047,10,10,411
1754759797637,409,LOGIN,201,Created,Grupo de Hilos 1-9,text,true,1043,10,10,409
1754759797653,410,LOGIN,201,Created,Grupo de Hilos 1-5,text,true,1052,10,10,410
1754759797799,417,LOGIN,201,Created,Grupo de Hilos 1-7,text,true,1048,10,10,417
1754759797833,417,LOGIN,201,Created,Grupo de Hilos 1-1,text,true,1049,10,10,417
1754759797873,412,LOGIN,201,Created,Grupo de Hilos 1-3,text,true,1049,10,10,412
1754759797884,413,LOGIN,201,Created,Grupo de Hilos 1-6,text,true,1044,10,10,413
1754759797894,412,LOGIN,201,Created,Grupo de Hilos 1-2,text,true,1048,10,10,412
1754759797897,414,LOGIN,201,Created,Grupo de Hilos 1-8,text,true,1052,10,10,414
1754759797933,426,LOGIN,201,Created,Grupo de Hilos 1-10,text,true,1053,10,10,426
1754759797942,421,LOGIN,201,Created,Grupo de Hilos 1-4,text,true,1053,10,10,421
1754759798047,415,LOGIN,201,Created,Grupo de Hilos 1-9,text,true,1050,10,10,415
1754759798063,404,LOGIN,201,Created,Grupo de Hilos 1-5,text,true,1048,10,10,404
1754759798217,408,LOGIN,201,Created,Grupo de Hilos 1-7,text,true,1050,10,10,408
1754759798251,435,LOGIN,201,Created,Grupo de Hilos 1-1,text,true,1049,10,10,435
1754759798286,419,LOGIN,201,Created,Grupo de Hilos 1-3,text,true,1051,10,10,419
1754759798307,406,LOGIN,201,Created,Grupo de Hilos 1-2,text,true,1052,10,10,406
1754759798298,420,LOGIN,201,Created,Grupo de Hilos 1-6,text,true,1044,10,10,420
1754759798311,417,LOGIN,201,Created,Grupo de Hilos 1-8,text,true,1056,10,10,417
1754759798360,407,LOGIN,201,Created,Grupo de Hilos 1-10,text,true,1045,10,10,407
1754759798364,415,LOGIN,201,Created,Grupo de Hilos 1-4,text,true,1049,10,10,415
1754759798462,410,LOGIN,201,Created,Grupo de Hilos 1-9,text,true,1040,10,10,410
1754759798468,410,LOGIN,201,Created,Grupo de Hilos 1-5,text,true,1054,10,10,410
1754759798626,416,LOGIN,201,Created,Grupo de Hilos 1-7,text,true,1050,10,10,416
1754759798687,421,LOGIN,201,Created,Grupo de Hilos 1-1,text,true,1047,10,10,421
1754759798714,408,LOGIN,201,Created,Grupo de Hilos 1-2,text,true,1042,10,10,408
1754759798706,417,LOGIN,201,Created,Grupo de Hilos 1-3,text,true,1051,10,10,417
1754759798719,412,LOGIN,201,Created,Grupo de Hilos 1-6,text,true,1054,10,10,412
1754759798729,419,LOGIN,201,Created,Grupo de Hilos 1-8,text,true,1056,10,10,419
1754759798779,410,LOGIN,201,Created,Grupo de Hilos 1-4,text,true,1051,10,10,410
1754759798768,425,LOGIN,201,Created,Grupo de Hilos 1-10,text,true,1045,10,10,425
1754759798872,408,LOGIN,201,Created,Grupo de Hilos 1-9,text,true,1050,10,10,408
1754759798878,410,LOGIN,201,Created,Grupo de Hilos 1-5,text,true,1060,10,10,410
1754759799043,417,LOGIN,201,Created,Grupo de Hilos 1-7,text,true,1048,10,10,417
1754759799109,415,LOGIN,201,Created,Grupo de Hilos 1-1,text,true,1045,10,10,415
1754759799123,410,LOGIN,201,Created,Grupo de Hilos 1-2,text,true,1055,10,10,410
1754759799125,413,LOGIN,201,Created,Grupo de Hilos 1-3,text,true,1046,10,10,413
1754759799132,415,LOGIN,201,Created,Grupo de Hilos 1-6,text,true,1048,10,10,415
1754759799149,412,LOGIN,201,Created,Grupo de Hilos 1-8,text,true,1050,10,10,412
1754759799194,407,LOGIN,201,Created,Grupo de Hilos 1-10,text,true,1057,10,10,407
1754759799190,417,LOGIN,201,Created,Grupo de Hilos 1-4,text,true,1061,10,10,417
1754759799281,409,LOGIN,201,Created,Grupo de Hilos 1-9,text,true,1048,10,10,409
1754759799289,410,LOGIN,201,Created,Grupo de Hilos 1-5,text,true,1048,10,10,410
1754759799460,424,LOGIN,201,Created,Grupo de Hilos 1-7,text,true,1054,10,10,424
1754759799533,409,LOGIN,201,Created,Grupo de Hilos 1-2,text,true,1053,10,10,409
1754759799548,411,LOGIN,201,Created,Grupo de Hilos 1-6,text,true,1052,10,10,411
1754759799525,435,LOGIN,201,Created,Grupo de Hilos 1-1,text,true,1047,10,10,435
1754759799538,423,LOGIN,201,Created,Grupo de Hilos 1-3,text,true,1044,10,10,423
1754759799562,409,LOGIN,201,Created,Grupo de Hilos 1-8,text,true,1050,10,10,409
1754759799602,417,LOGIN,201,Created,Grupo de Hilos 1-10,text,true,1051,10,10,417
1754759799608,413,LOGIN,201,Created,Grupo de Hilos 1-4,text,true,1045,10,10,413
1754759799691,411,LOGIN,201,Created,Grupo de Hilos 1-9,text,true,1052,10,10,411
1754759799700,408,LOGIN,201,Created,Grupo de Hilos 1-5,text,true,1044,10,10,408
1754759799885,415,LOGIN,201,Created,Grupo de Hilos 1-7,text,true,1052,10,10,415
1754759799943,412,LOGIN,201,Created,Grupo de Hilos 1-2,text,true,1053,10,10,412
1754759799960,416,LOGIN,201,Created,Grupo de Hilos 1-6,text,true,1053,10,10,416
1754759799962,414,LOGIN,201,Created,Grupo de Hilos 1-1,text,true,1044,10,10,414
1754759799962,421,LOGIN,201,Created,Grupo de Hilos 1-3,text,true,1050,10,10,421
1754759799972,411,LOGIN,201,Created,Grupo de Hilos 1-8,text,true,1050,10,10,411
1754759800020,412,LOGIN,201,Created,Grupo de Hilos 1-10,text,true,1053,10,10,412
1754759800023,410,LOGIN,201,Created,Grupo de Hilos 1-4,text,true,1051,10,10,410
1754759800102,410,LOGIN,201,Created,Grupo de Hilos 1-9,text,true,1052,10,10,410
1754759800109,411,LOGIN,201,Created,Grupo de Hilos 1-5,text,true,1050,10,10,411
1754759800299,416,LOGIN,201,Created,Grupo de Hilos 1-7,text,true,1048,10,10,416
1754759800356,410,LOGIN,201,Created,Grupo de Hilos 1-2,text,true,1049,10,10,410
1754759800376,413,LOGIN,201,Created,Grupo de Hilos 1-1,text,true,1046,10,10,413
1754759800376,413,LOGIN,201,Created,Grupo de Hilos 1-6,text,true,1051,10,10,413
1754759800383,413,LOGIN,201,Created,Grupo de Hilos 1-8,text,true,1048,10,10,412
1754759800383,416,LOGIN,201,Created,Grupo de Hilos 1-3,text,true,1044,10,10,416
1754759800432,416,LOGIN,201,Created,Grupo de Hilos 1-10,text,true,1053,10,10,416
1754759800434,417,LOGIN,201,Created,Grupo de Hilos 1-4,text,true,1055,10,10,417
1754759800512,414,LOGIN,201,Created,Grupo de Hilos 1-9,text,true,1052,10,10,414
1754759800519,408,LOGIN,201,Created,Grupo de Hilos 1-5,text,true,1046,10,10,408
1754759800715,415,LOGIN,201,Created,Grupo de Hilos 1-7,text,true,1054,10,10,415
1754759800767,412,LOGIN,201,Created,Grupo de Hilos 1-2,text,true,1047,10,10,412
1754759800791,413,LOGIN,201,Created,Grupo de Hilos 1-1,text,true,1057,10,10,413
1754759800791,415,LOGIN,201,Created,Grupo de Hilos 1-6,text,true,1048,10,10,415
1754759800802,409,LOGIN,201,Created,Grupo de Hilos 1-3,text,true,1055,10,10,409
1754759800796,416,LOGIN,201,Created,Grupo de Hilos 1-8,text,true,1048,10,10,416
1754759800853,409,LOGIN,201,Created,Grupo de Hilos 1-4,text,true,1051,10,10,409
1754759800849,416,LOGIN,201,Created,Grupo de Hilos 1-10,text,true,1053,10,10,416
1754759800927,407,LOGIN,201,Created,Grupo de Hilos 1-9,text,true,1048,10,10,407
1754759800929,410,LOGIN,201,Created,Grupo de Hilos 1-5,text,true,1044,10,10,410
1754759801130,414,LOGIN,201,Created,Grupo de Hilos 1-7,text,true,1054,10,10,414
1754759801180,409,LOGIN,201,Created,Grupo de Hilos 1-2,text,true,1050,10,10,409
1754759801205,420,LOGIN,201,Created,Grupo de Hilos 1-1,text,true,1054,10,10,420
1754759801208,417,LOGIN,201,Created,Grupo de Hilos 1-6,text,true,1044,10,10,417
1754759801214,412,LOGIN,201,Created,Grupo de Hilos 1-8,text,true,1048,10,10,412
1754759801212,418,LOGIN,201,Created,Grupo de Hilos 1-3,text,true,1054,10,10,418
1754759801263,410,LOGIN,201,Created,Grupo de Hilos 1-4,text,true,1053,10,10,410
1754759801265,409,LOGIN,201,Created,Grupo de Hilos 1-10,text,true,1049,10,10,409
1754759801335,412,LOGIN,201,Created,Grupo de Hilos 1-9,text,true,1050,10,10,412
1754759801340,413,LOGIN,201,Created,Grupo de Hilos 1-5,text,true,1048,10,10,413
1754759801545,426,LOGIN,201,Created,Grupo de Hilos 1-7,text,true,1048,10,10,426
1754759801590,417,LOGIN,201,Created,Grupo de Hilos 1-2,text,true,1048,10,10,417
1754759801625,413,LOGIN,201,Created,Grupo de Hilos 1-1,text,true,1056,10,10,413
1754759801629,409,LOGIN,201,Created,Grupo de Hilos 1-8,text,true,1046,10,10,409
1754759801626,412,LOGIN,201,Created,Grupo de Hilos 1-6,text,true,1048,10,10,412
1754759801631,413,LOGIN,201,Created,Grupo de Hilos 1-3,text,true,1053,10,10,413
1754759801674,410,LOGIN,201,Created,Grupo de Hilos 1-4,text,true,1048,10,10,410
1754759801676,412,LOGIN,201,Created,Grupo de Hilos 1-10,text,true,1057,10,10,412
1754759801748,408,LOGIN,201,Created,Grupo de Hilos 1-9,text,true,1054,10,10,408
1754759801753,413,LOGIN,201,Created,Grupo de Hilos 1-5,text,true,1051,10,10,413
1754759801972,410,LOGIN,201,Created,Grupo de Hilos 1-7,text,true,1052,10,10,410
1754759802007,408,LOGIN,201,Created,Grupo de Hilos 1-2,text,true,1050,10,10,408
1754759802038,418,LOGIN,201,Created,Grupo de Hilos 1-1,text,true,1054,10,10,418
1754759802038,421,LOGIN,201,Created,Grupo de Hilos 1-8,text,true,1050,10,10,421
1754759802038,421,LOGIN,201,Created,Grupo de Hilos 1-6,text,true,1052,10,10,421
1754759802045,417,LOGIN,201,Created,Grupo de Hilos 1-3,text,true,1055,10,10,417
1754759802085,409,LOGIN,201,Created,Grupo de Hilos 1-4,text,true,1054,10,10,409
1754759802089,409,LOGIN,201,Created,Grupo de Hilos 1-10,text,true,1049,10,10,409
1754759802156,413,LOGIN,201,Created,Grupo de Hilos 1-9,text,true,1042,10,10,413
1754759802166,409,LOGIN,201,Created,Grupo de Hilos 1-5,text,true,1057,10,10,409
1754759802382,425,LOGIN,201,Created,Grupo de Hilos 1-7,text,true,1050,10,10,425
1754759802415,408,LOGIN,201,Created,Grupo de Hilos 1-2,text,true,1048,10,10,408
1754759802460,411,LOGIN,201,Created,Grupo de Hilos 1-6,text,true,1046,10,10,411
1754759802457,415,LOGIN,201,Created,Grupo de Hilos 1-1,text,true,1060,10,10,415
1754759802459,419,LOGIN,201,Created,Grupo de Hilos 1-8,text,true,1045,10,10,419
1754759802463,419,LOGIN,201,Created,Grupo de Hilos 1-3,text,true,1049,10,10,419
1754759802495,411,LOGIN,201,Created,Grupo de Hilos 1-4,text,true,1046,10,10,411
1754759802499,415,LOGIN,201,Created,Grupo de Hilos 1-10,text,true,1047,10,10,415
1754759802570,410,LOGIN,201,Created,Grupo de Hilos 1-9,text,true,1045,10,10,410
1754759802576,408,LOGIN,201,Created,Grupo de Hilos 1-5,text,true,1057,10,10,408
1754759802807,411,LOGIN,201,Created,Grupo de Hilos 1-7,text,true,1051,10,10,411
1754759802823,410,LOGIN,201,Created,Grupo de Hilos 1-2,text,true,1048,10,10,410
1754759802873,411,LOGIN,201,Created,Grupo de Hilos 1-1,text,true,1043,10,10,411
1754759802882,409,LOGIN,201,Created,Grupo de Hilos 1-3,text,true,1051,10,10,409
1754759802878,413,LOGIN,201,Created,Grupo de Hilos 1-8,text,true,1049,10,10,413
1754759802871,447,LOGIN,201,Created,Grupo de Hilos 1-6,text,true,1054,10,10,447
1754759802907,412,LOGIN,201,Created,Grupo de Hilos 1-4,text,true,1046,10,10,412
1754759802914,417,LOGIN,201,Created,Grupo de Hilos 1-10,text,true,1048,10,10,417
1754759802980,412,LOGIN,201,Created,Grupo de Hilos 1-9,text,true,1047,10,10,412
1754759802984,410,LOGIN,201,Created,Grupo de Hilos 1-5,text,true,1051,10,10,410
1754759803219,411,LOGIN,201,Created,Grupo de Hilos 1-7,text,true,1057,10,10,411
1754759803234,405,LOGIN,201,Created,Grupo de Hilos 1-2,text,true,1054,10,10,405
1754759803285,415,LOGIN,201,Created,Grupo de Hilos 1-1,text,true,1050,10,10,415
1754759803291,415,LOGIN,201,Created,Grupo de Hilos 1-3,text,true,1041,10,10,415
1754759803291,420,LOGIN,201,Created,Grupo de Hilos 1-8,text,true,1053,10,10,420
1754759803320,408,LOGIN,201,Created,Grupo de Hilos 1-4,text,true,1048,10,10,408
1754759803318,416,LOGIN,201,Created,Grupo de Hilos 1-6,text,true,1057,10,10,416
1754759803331,409,LOGIN,201,Created,Grupo de Hilos 1-10,text,true,1060,10,10,409
1754759803393,406,LOGIN,201,Created,Grupo de Hilos 1-9,text,true,1043,10,10,406
1754759803395,421,LOGIN,201,Created,Grupo de Hilos 1-5,text,true,1053,10,10,421
1754759803630,409,LOGIN,201,Created,Grupo de Hilos 1-7,text,true,1055,10,10,409
1754759803640,419,LOGIN,201,Created,Grupo de Hilos 1-2,text,true,1052,10,10,419
1754759803700,415,LOGIN,201,Created,Grupo de Hilos 1-1,text,true,1056,10,10,415
1754759803707,420,LOGIN,201,Created,Grupo de Hilos 1-3,text,true,1045,10,10,420
1754759803711,420,LOGIN,201,Created,Grupo de Hilos 1-8,text,true,1059,10,10,420
1754759803729,411,LOGIN,201,Created,Grupo de Hilos 1-4,text,true,1047,10,10,411
1754759803740,410,LOGIN,201,Created,Grupo de Hilos 1-10,text,true,1048,10,10,410
1754759803736,420,LOGIN,201,Created,Grupo de Hilos 1-6,text,true,1052,10,10,420
1754759803799,412,LOGIN,201,Created,Grupo de Hilos 1-9,text,true,1055,10,10,412
1754759803817,420,LOGIN,201,Created,Grupo de Hilos 1-5,text,true,1049,10,10,420
1754759804040,422,LOGIN,201,Created,Grupo de Hilos 1-7,text,true,1049,10,10,422
1754759804064,413,LOGIN,201,Created,Grupo de Hilos 1-2,text,true,1049,10,10,413
1754759804115,412,LOGIN,201,Created,Grupo de Hilos 1-1,text,true,1052,10,10,412
1754759804127,416,LOGIN,201,Created,Grupo de Hilos 1-3,text,true,1051,10,10,416
1754759804132,415,LOGIN,201,Created,Grupo de Hilos 1-8,text,true,1047,10,10,415
1754759804141,415,LOGIN,201,Created,Grupo de Hilos 1-4,text,true,1057,10,10,415
1754759804150,415,LOGIN,201,Created,Grupo de Hilos 1-10,text,true,1050,10,10,415
1754759804156,420,LOGIN,201,Created,Grupo de Hilos 1-6,text,true,1052,10,10,420
1754759804212,412,LOGIN,201,Created,Grupo de Hilos 1-9,text,true,1049,10,10,412
1754759804238,402,LOGIN,201,Created,Grupo de Hilos 1-5,text,true,1045,10,10,402
1754759804462,414,LOGIN,201,Created,Grupo de Hilos 1-7,text,true,1055,10,10,414
1754759804479,413,LOGIN,201,Created,Grupo de Hilos 1-2,text,true,1051,10,10,413
1754759804528,419,LOGIN,201,Created,Grupo de Hilos 1-1,text,true,1056,10,10,418
1754759804544,409,LOGIN,201,Created,Grupo de Hilos 1-3,text,true,1049,10,10,409
1754759804549,409,LOGIN,201,Created,Grupo de Hilos 1-8,text,true,1045,10,10,409
1754759804558,413,LOGIN,201,Created,Grupo de Hilos 1-4,text,true,1053,10,10,413
1754759804567,410,LOGIN,201,Created,Grupo de Hilos 1-10,text,true,1048,10,10,410
1754759804576,423,LOGIN,201,Created,Grupo de Hilos 1-6,text,true,1054,10,10,423
1754759804626,413,LOGIN,201,Created,Grupo de Hilos 1-9,text,true,1049,10,10,413
1754759804641,402,LOGIN,201,Created,Grupo de Hilos 1-5,text,true,1057,10,10,402
1754759804877,410,LOGIN,201,Created,Grupo de Hilos 1-7,text,true,1053,10,10,410
1754759804893,413,LOGIN,201,Created,Grupo de Hilos 1-2,text,true,1046,10,10,413
1754759804947,415,LOGIN,201,Created,Grupo de Hilos 1-1,text,true,1052,10,10,415
1754759804954,416,LOGIN,201,Created,Grupo de Hilos 1-3,text,true,1055,10,10,416
1754759804958,415,LOGIN,201,Created,Grupo de Hilos 1-8,text,true,1055,10,10,415
1754759804971,410,LOGIN,201,Created,Grupo de Hilos 1-4,text,true,1061,10,10,410
1754759804978,410,LOGIN,201,Created,Grupo de Hilos 1-10,text,true,1054,10,10,410
1754759805000,440,LOGIN,201,Created,Grupo de Hilos 1-6,text,true,1048,10,10,440
1754759805040,409,LOGIN,201,Created,Grupo de Hilos 1-9,text,true,1051,10,10,409
1754759805044,405,LOGIN,201,Created,Grupo de Hilos 1-5,text,true,1051,10,10,405
1754759805288,414,LOGIN,201,Created,Grupo de Hilos 1-7,text,true,1051,10,10,414
1754759805307,413,LOGIN,201,Created,Grupo de Hilos 1-2,text,true,1046,10,10,413
1754759805364,412,LOGIN,201,Created,Grupo de Hilos 1-1,text,true,1058,10,10,412
1754759805371,415,LOGIN,201,Created,Grupo de Hilos 1-3,text,true,1049,10,10,415
1754759805375,413,LOGIN,201,Created,Grupo de Hilos 1-8,text,true,1047,10,10,413
1754759805390,411,LOGIN,201,Created,Grupo de Hilos 1-10,text,true,1048,10,10,411
1754759805383,418,LOGIN,201,Created,Grupo de Hilos 1-4,text,true,1057,10,10,418
1754759805451,407,LOGIN,201,Created,Grupo de Hilos 1-5,text,true,1051,10,10,407
1754759805451,408,LOGIN,201,Created,Grupo de Hilos 1-9,text,true,1053,10,10,408
1754759805442,433,LOGIN,201,Created,Grupo de Hilos 1-6,text,true,1052,10,10,433
1754759805703,425,LOGIN,201,Created,Grupo de Hilos 1-7,text,true,1055,10,10,425
1754759805721,412,LOGIN,201,Created,Grupo de Hilos 1-2,text,true,1046,10,10,412
1754759805776,413,LOGIN,201,Created,Grupo de Hilos 1-1,text,true,1058,10,10,413
1754759805789,414,LOGIN,201,Created,Grupo de Hilos 1-8,text,true,1057,10,10,414
1754759805802,409,LOGIN,201,Created,Grupo de Hilos 1-10,text,true,1051,10,10,409
1754759805802,409,LOGIN,201,Created,Grupo de Hilos 1-4,text,true,1046,10,10,409
1754759805787,434,LOGIN,201,Created,Grupo de Hilos 1-3,text,true,1047,10,10,434
1754759805859,409,LOGIN,201,Created,Grupo de Hilos 1-5,text,true,1052,10,10,409
1754759805861,410,LOGIN,201,Created,Grupo de Hilos 1-9,text,true,1047,10,10,410
1754759805876,416,LOGIN,201,Created,Grupo de Hilos 1-6,text,true,1047,10,10,416
1754759806128,415,LOGIN,201,Created,Grupo de Hilos 1-7,text,true,1053,10,10,415
1754759806134,411,LOGIN,201,Created,Grupo de Hilos 1-2,text,true,1050,10,10,411
1754759806190,419,LOGIN,201,Created,Grupo de Hilos 1-1,text,true,1060,10,10,419
1754759806203,416,LOGIN,201,Created,Grupo de Hilos 1-8,text,true,1051,10,10,416
1754759806212,412,LOGIN,201,Created,Grupo de Hilos 1-10,text,true,1047,10,10,412
1754759806213,416,LOGIN,201,Created,Grupo de Hilos 1-4,text,true,1055,10,10,416
1754759806222,420,LOGIN,201,Created,Grupo de Hilos 1-3,text,true,1060,10,10,420
1754759806269,409,LOGIN,201,Created,Grupo de Hilos 1-5,text,true,1050,10,10,409
1754759806272,407,LOGIN,201,Created,Grupo de Hilos 1-9,text,true,1047,10,10,407
1754759806293,418,LOGIN,201,Created,Grupo de Hilos 1-6,text,true,1045,10,10,418
1754759806544,409,LOGIN,201,Created,Grupo de Hilos 1-7,text,true,1057,10,10,409
1754759806546,409,LOGIN,201,Created,Grupo de Hilos 1-2,text,true,1057,10,10,409
1754759806609,413,LOGIN,201,Created,Grupo de Hilos 1-1,text,true,1059,10,10,413
1754759806624,412,LOGIN,201,Created,Grupo de Hilos 1-10,text,true,1047,10,10,412
1754759806620,419,LOGIN,201,Created,Grupo de Hilos 1-8,text,true,1047,10,10,419
1754759806630,410,LOGIN,201,Created,Grupo de Hilos 1-4,text,true,1057,10,10,410
1754759806643,422,LOGIN,201,Created,Grupo de Hilos 1-3,text,true,1049,10,10,422
1754759806680,407,LOGIN,201,Created,Grupo de Hilos 1-9,text,true,1049,10,10,407
1754759806678,412,LOGIN,201,Created,Grupo de Hilos 1-5,text,true,1067,10,10,412
1754759806712,421,LOGIN,201,Created,Grupo de Hilos 1-6,text,true,1051,10,10,421
1754759806954,408,LOGIN,201,Created,Grupo de Hilos 1-7,text,true,1051,10,10,408
1754759806957,408,LOGIN,201,Created,Grupo de Hilos 1-2,text,true,1049,10,10,408
1754759807023,411,LOGIN,201,Created,Grupo de Hilos 1-1,text,true,1055,10,10,411
1754759807036,411,LOGIN,201,Created,Grupo de Hilos 1-10,text,true,1047,10,10,411
1754759807039,413,LOGIN,201,Created,Grupo de Hilos 1-8,text,true,1049,10,10,413
1754759807041,422,LOGIN,201,Created,Grupo de Hilos 1-4,text,true,1056,10,10,422
1754759807066,414,LOGIN,201,Created,Grupo de Hilos 1-3,text,true,1051,10,10,414
1754759807088,409,LOGIN,201,Created,Grupo de Hilos 1-9,text,true,1052,10,10,409
1754759807091,406,LOGIN,201,Created,Grupo de Hilos 1-5,text,true,1044,10,10,406
1754759807134,422,LOGIN,201,Created,Grupo de Hilos 1-6,text,true,1047,10,10,422
1754759807366,412,LOGIN,201,Created,Grupo de Hilos 1-2,text,true,1047,10,10,412
1754759807363,415,LOGIN,201,Created,Grupo de Hilos 1-7,text,true,1061,10,10,415
1754759807435,411,LOGIN,201,Created,Grupo de Hilos 1-1,text,true,1049,10,10,411
1754759807452,407,LOGIN,201,Created,Grupo de Hilos 1-8,text,true,1049,10,10,407
1754759807448,415,LOGIN,201,Created,Grupo de Hilos 1-10,text,true,1053,10,10,415
1754759807464,410,LOGIN,201,Created,Grupo de Hilos 1-4,text,true,1052,10,10,410
1754759807498,407,LOGIN,201,Created,Grupo de Hilos 1-5,text,true,1052,10,10,407
1754759807481,429,LOGIN,201,Created,Grupo de Hilos 1-3,text,true,1056,10,10,429
1754759807498,414,LOGIN,201,Created,Grupo de Hilos 1-9,text,true,1049,10,10,414
1754759807557,422,LOGIN,201,Created,Grupo de Hilos 1-6,text,true,1052,10,10,422
1754759807778,407,LOGIN,201,Created,Grupo de Hilos 1-2,text,true,1054,10,10,407
1754759807781,410,LOGIN,201,Created,Grupo de Hilos 1-7,text,true,1046,10,10,410
1754759807847,411,LOGIN,201,Created,Grupo de Hilos 1-1,text,true,1053,10,10,411
1754759807860,414,LOGIN,201,Created,Grupo de Hilos 1-8,text,true,1050,10,10,414
1754759807863,416,LOGIN,201,Created,Grupo de Hilos 1-10,text,true,1053,10,10,416
1754759807875,413,LOGIN,201,Created,Grupo de Hilos 1-4,text,true,1056,10,10,413
1754759807914,409,LOGIN,201,Created,Grupo de Hilos 1-5,text,true,1050,10,10,409
1754759807916,410,LOGIN,201,Created,Grupo de Hilos 1-9,text,true,1049,10,10,410
1754759807915,430,LOGIN,201,Created,Grupo de Hilos 1-3,text,true,1050,10,10,430
1754759807979,415,LOGIN,201,Created,Grupo de Hilos 1-6,text,true,1054,10,10,415
1754759808193,411,LOGIN,201,Created,Grupo de Hilos 1-7,text,true,1047,10,10,411
1754759808186,419,LOGIN,201,Created,Grupo de Hilos 1-2,text,true,1050,10,10,419
1754759808258,412,LOGIN,201,Created,Grupo de Hilos 1-1,text,true,1057,10,10,412
1754759808274,412,LOGIN,201,Created,Grupo de Hilos 1-8,text,true,1060,10,10,412
1754759808279,413,LOGIN,201,Created,Grupo de Hilos 1-10,text,true,1044,10,10,413
1754759808288,407,LOGIN,201,Created,Grupo de Hilos 1-4,text,true,1052,10,10,407
1754759808324,405,LOGIN,201,Created,Grupo de Hilos 1-5,text,true,1052,10,10,405
1754759808326,405,LOGIN,201,Created,Grupo de Hilos 1-9,text,true,1056,10,10,405
1754759808346,426,LOGIN,201,Created,Grupo de Hilos 1-3,text,true,1047,10,10,426
1754759808395,412,LOGIN,201,Created,Grupo de Hilos 1-6,text,true,1058,10,10,412
1754759808607,410,LOGIN,201,Created,Grupo de Hilos 1-2,text,true,1053,10,10,410
1754759808604,423,LOGIN,201,Created,Grupo de Hilos 1-7,text,true,1050,10,10,423
1754759808671,412,LOGIN,201,Created,Grupo de Hilos 1-1,text,true,1065,10,10,412
1754759808687,415,LOGIN,201,Created,Grupo de Hilos 1-8,text,true,1052,10,10,415
1754759808693,416,LOGIN,201,Created,Grupo de Hilos 1-10,text,true,1048,10,10,416
1754759808696,417,LOGIN,201,Created,Grupo de Hilos 1-4,text,true,1048,10,10,417
1754759808731,408,LOGIN,201,Created,Grupo de Hilos 1-5,text,true,1056,10,10,407
1754759808733,412,LOGIN,201,Created,Grupo de Hilos 1-9,text,true,1054,10,10,412
1754759808773,416,LOGIN,201,Created,Grupo de Hilos 1-3,text,true,1045,10,10,416
1754759808808,416,LOGIN,201,Created,Grupo de Hilos 1-6,text,true,1056,10,10,416
1754759809017,410,LOGIN,201,Created,Grupo de Hilos 1-2,text,true,1058,10,10,410
1754759809028,413,LOGIN,201,Created,Grupo de Hilos 1-7,text,true,1051,10,10,413
1754759809084,411,LOGIN,201,Created,Grupo de Hilos 1-1,text,true,1053,10,10,411
1754759809103,416,LOGIN,201,Created,Grupo de Hilos 1-8,text,true,1050,10,10,416
1754759809109,414,LOGIN,201,Created,Grupo de Hilos 1-10,text,true,1050,10,10,414
1754759809113,411,LOGIN,201,Created,Grupo de Hilos 1-4,text,true,1054,10,10,411
1754759809139,410,LOGIN,201,Created,Grupo de Hilos 1-5,text,true,1052,10,10,410
1754759809146,412,LOGIN,201,Created,Grupo de Hilos 1-9,text,true,1052,10,10,412
1754759809190,416,LOGIN,201,Created,Grupo de Hilos 1-3,text,true,1053,10,10,416
1754759809224,418,LOGIN,201,Created,Grupo de Hilos 1-6,text,true,1050,10,10,418
1754759809428,410,LOGIN,201,Created,Grupo de Hilos 1-2,text,true,1048,10,10,410
1754759809442,412,LOGIN,201,Created,Grupo de Hilos 1-7,text,true,1049,10,10,412
1754759809495,418,LOGIN,201,Created,Grupo de Hilos 1-1,text,true,1049,10,10,418
1754759809520,410,LOGIN,201,Created,Grupo de Hilos 1-8,text,true,1054,10,10,410
1754759809526,410,LOGIN,201,Created,Grupo de Hilos 1-4,text,true,1054,10,10,410
1754759809523,416,LOGIN,201,Created,Grupo de Hilos 1-10,text,true,1048,10,10,416
1754759809550,415,LOGIN,201,Created,Grupo de Hilos 1-5,text,true,1052,10,10,415
1754759809558,409,LOGIN,201,Created,Grupo de Hilos 1-9,text,true,1055,10,10,409
1754759809607,414,LOGIN,201,Created,Grupo de Hilos 1-3,text,true,1049,10,10,414
1754759809642,416,LOGIN,201,Created,Grupo de Hilos 1-6,text,true,1052,10,10,416
1754759809838,411,LOGIN,201,Created,Grupo de Hilos 1-2,text,true,1058,10,10,411
1754759809855,411,LOGIN,201,Created,Grupo de Hilos 1-7,text,true,1055,10,10,411
1754759809914,411,LOGIN,201,Created,Grupo de Hilos 1-1,text,true,1053,10,10,411
1754759809930,414,LOGIN,201,Created,Grupo de Hilos 1-8,text,true,1050,10,10,414
1754759809937,411,LOGIN,201,Created,Grupo de Hilos 1-4,text,true,1050,10,10,411
1754759809940,415,LOGIN,201,Created,Grupo de Hilos 1-10,text,true,1052,10,10,415
1754759809966,409,LOGIN,201,Created,Grupo de Hilos 1-5,text,true,1052,10,10,409
1754759809968,413,LOGIN,201,Created,Grupo de Hilos 1-9,text,true,1053,10,10,413
1754759810022,415,LOGIN,201,Created,Grupo de Hilos 1-3,text,true,1049,10,10,415
1754759810058,420,LOGIN,201,Created,Grupo de Hilos 1-6,text,true,1050,10,10,420
1754759810249,416,LOGIN,201,Created,Grupo de Hilos 1-2,text,true,1052,10,10,416
1754759810325,425,LOGIN,201,Created,Grupo de Hilos 1-1,text,true,1049,10,10,425
1754759810344,412,LOGIN,201,Created,Grupo de Hilos 1-8,text,true,1046,10,10,412
1754759810348,410,LOGIN,201,Created,Grupo de Hilos 1-4,text,true,1052,10,10,410
1754759810355,414,LOGIN,201,Created,Grupo de Hilos 1-10,text,true,1058,10,10,414
1754759810375,406,LOGIN,201,Created,Grupo de Hilos 1-5,text,true,1049,10,10,406
1754759810381,414,LOGIN,201,Created,Grupo de Hilos 1-9,text,true,1049,10,10,414
1754759810437,417,LOGIN,201,Created,Grupo de Hilos 1-3,text,true,1051,10,10,417
1754759810477,418,LOGIN,201,Created,Grupo de Hilos 1-6,text,true,1050,10,10,418
1754759810265,688,LOGIN,201,Created,Grupo de Hilos 1-7,text,true,1049,10,10,688
1754759810665,415,LOGIN,201,Created,Grupo de Hilos 1-2,text,true,1054,10,10,415
1754759810751,414,LOGIN,201,Created,Grupo de Hilos 1-1,text,true,1055,10,10,414
1754759810759,419,LOGIN,201,Created,Grupo de Hilos 1-4,text,true,1048,10,10,419
1754759810770,410,LOGIN,201,Created,Grupo de Hilos 1-10,text,true,1052,10,10,410
1754759810757,425,LOGIN,201,Created,Grupo de Hilos 1-8,text,true,1049,10,10,425
1754759810782,408,LOGIN,201,Created,Grupo de Hilos 1-5,text,true,1058,10,10,408
1754759810796,410,LOGIN,201,Created,Grupo de Hilos 1-9,text,true,1052,10,10,410
1754759810854,417,LOGIN,201,Created,Grupo de Hilos 1-3,text,true,1058,10,10,417
1754759810896,421,LOGIN,201,Created,Grupo de Hilos 1-6,text,true,1056,10,10,421
1754759810954,421,LOGIN,201,Created,Grupo de Hilos 1-7,text,true,1046,10,10,421
1754759811080,410,LOGIN,201,Created,Grupo de Hilos 1-2,text,true,1052,10,10,410
1754759811166,414,LOGIN,201,Created,Grupo de Hilos 1-1,text,true,1047,9,9,414
1754759811178,413,LOGIN,201,Created,Grupo de Hilos 1-4,text,true,1049,8,8,413
1754759811191,400,LOGIN,201,Created,Grupo de Hilos 1-5,text,true,1058,8,8,400
1754759811181,412,LOGIN,201,Created,Grupo de Hilos 1-10,text,true,1046,8,8,412
1754759811184,410,LOGIN,201,Created,Grupo de Hilos 1-8,text,true,1056,8,8,410
1754759811207,410,LOGIN,201,Created,Grupo de Hilos 1-9,text,true,1054,8,8,410
1754759811272,413,LOGIN,201,Created,Grupo de Hilos 1-3,text,true,1053,8,8,413
1754759811317,415,LOGIN,201,Created,Grupo de Hilos 1-6,text,true,1052,8,8,415
1754759811376,410,LOGIN,201,Created,Grupo de Hilos 1-7,text,true,1054,8,8,410
1754759811592,409,LOGIN,201,Created,Grupo de Hilos 1-5,text,true,1047,8,8,409
1754759811592,414,LOGIN,201,Created,Grupo de Hilos 1-4,text,true,1052,7,7,414
1754759811596,414,LOGIN,201,Created,Grupo de Hilos 1-8,text,true,1058,6,6,414
1754759811595,420,LOGIN,201,Created,Grupo de Hilos 1-10,text,true,1057,6,6,420
1754759811618,406,LOGIN,201,Created,Grupo de Hilos 1-9,text,true,1056,6,6,406
1754759811685,411,LOGIN,201,Created,Grupo de Hilos 1-3,text,true,1052,6,6,411
1754759811733,423,LOGIN,201,Created,Grupo de Hilos 1-6,text,true,1051,5,5,423
1754759811787,425,LOGIN,201,Created,Grupo de Hilos 1-7,text,true,1049,5,5,425
1754759812011,410,LOGIN,201,Created,Grupo de Hilos 1-8,text,true,1042,5,5,410
1754759812017,409,LOGIN,201,Created,Grupo de Hilos 1-10,text,true,1044,5,5,409
1754759812025,420,LOGIN,201,Created,Grupo de Hilos 1-9,text,true,1060,5,5,420
1754759812157,420,LOGIN,201,Created,Grupo de Hilos 1-6,text,true,1051,5,5,420
1754759812213,417,LOGIN,201,Created,Grupo de Hilos 1-7,text,true,1053,5,5,417
1754759812422,413,LOGIN,201,Created,Grupo de Hilos 1-8,text,true,1048,5,5,413
1754759812427,420,LOGIN,201,Created,Grupo de Hilos 1-10,text,true,1050,4,4,420
1754759812445,406,LOGIN,201,Created,Grupo de Hilos 1-9,text,true,1050,4,4,406
1754759812578,415,LOGIN,201,Created,Grupo de Hilos 1-6,text,true,1057,3,3,415
1754759812631,417,LOGIN,201,Created,Grupo de Hilos 1-7,text,true,1053,3,3,417
1754759812848,411,LOGIN,201,Created,Grupo de Hilos 1-10,text,true,1046,3,3,411
1754759812994,442,LOGIN,201,Created,Grupo de Hilos 1-6,text,true,1058,2,2,442
1754759813048,411,LOGIN,201,Created,Grupo de Hilos 1-7,text,true,1050,1,1,411
